Vrms_current,Vrms,Irms,P,S,PF
0.0517,213.3,0.16,7.139,34.046,0.21
0.0463,220.3,0.143,4.563,31.448,0.145
0.0457,217.5,0.141,5.33,30.676,0.174
0.0548,218.7,0.169,5.637,36.952,0.153
0.049,211.5,0.151,7.833,31.971,0.245
0.0493,211.1,0.152,8.041,32.121,0.25
0.0499,222.9,0.154,4.576,34.337,0.133
0.0481,225.7,0.148,5.019,33.492,0.15
0.0475,213.2,0.146,7.837,31.226,0.251
0.0497,219.6,0.153,5.337,33.659,0.159
0.0504,215,0.156,8.201,33.476,0.245
0.047,222.3,0.145,4.503,32.22,0.14
0.0506,212.7,0.156,7.65,33.195,0.23
0.0448,215.9,0.138,6.435,29.874,0.215
0.0468,221.9,0.144,3.927,32.044,0.123
0.0495,214.5,0.153,7.781,32.788,0.237
0.0455,220.5,0.14,5.238,30.944,0.169
0.0561,218.1,0.173,5.732,37.774,0.152
0.0449,218.3,0.138,6.1,30.232,0.202
0.0517,212.5,0.16,6.864,33.907,0.202
0.0479,221.9,0.148,5.206,32.812,0.159
0.0522,215.9,0.161,7.873,34.765,0.226
0.048,221.8,0.148,4.948,32.826,0.151
0.0529,229.5,0.163,5.809,37.449,0.155
0.0471,218.1,0.145,6.817,31.69,0.215
0.0506,213,0.156,8.34,33.234,0.251
0.048,229.7,0.148,4.246,34.005,0.125
0.0521,212.5,0.161,7.448,34.175,0.218
0.052,224.5,0.16,4.67,36.002,0.13
0.0506,216.2,0.156,8.626,33.782,0.255
0.0487,227.9,0.15,5.496,34.264,0.16
0.0513,214.9,0.158,7.197,34.043,0.211
0.0498,231.3,0.154,6.138,35.552,0.173
0.0478,215.2,0.147,8.364,31.719,0.264
0.0471,226,0.145,5.903,32.843,0.18
0.05,228.4,0.154,6.67,35.237,0.189
0.0505,218.7,0.156,6.906,34.075,0.203
0.0465,217.2,0.144,7.838,31.187,0.251
0.0494,228.1,0.152,6.378,34.75,0.184
0.053,230.3,0.163,6.77,37.64,0.18
0.0489,230.7,0.151,5.959,34.829,0.171
0.0524,224.7,0.162,7.893,36.367,0.217
0.0519,227.6,0.16,6.261,36.428,0.172
0.0494,226.5,0.152,7.549,34.503,0.219
0.0495,226.3,0.153,8.988,34.584,0.26
0.0519,227.6,0.16,8.895,36.48,0.244
0.0477,231.9,0.147,5.715,34.159,0.167
0.0491,225.8,0.152,8.436,34.253,0.246
0.0513,225.4,0.158,6.854,35.676,0.192
0.0506,222.7,0.156,5.587,34.805,0.161
0.0479,217.3,0.148,7.358,32.123,0.229
0.0502,218,0.155,7.746,33.81,0.229
0.0467,222.2,0.144,5.824,32.052,0.182
0.0513,220,0.158,6.9,34.852,0.198
0.0544,220.9,0.168,5.258,37.125,0.142
0.0465,222.1,0.143,5.594,31.868,0.176
0.0535,219.7,0.165,8.716,36.284,0.24
0.0551,228.1,0.17,1.985,38.803,0.051
0.0487,222.3,0.15,7.691,33.429,0.23
0.0498,221.3,0.154,6.036,33.999,0.178
0.0486,218.4,0.15,7.803,32.771,0.238
0.0497,222.6,0.153,5.71,34.138,0.167
0.0487,220.7,0.15,7.18,33.149,0.217
0.0502,218.4,0.155,7.148,33.847,0.211
0.0464,218.9,0.143,7.445,31.367,0.237
0.0503,221.2,0.155,7.957,34.373,0.231
0.0461,219.7,0.142,6.852,31.283,0.219
0.0506,218.6,0.156,6.637,34.147,0.194
0.0473,224.2,0.146,5.127,32.696,0.157
0.0512,216.5,0.158,7.641,34.233,0.223
0.0477,220.6,0.147,7.243,32.449,0.223
0.0507,217.6,0.157,7.269,34.072,0.213
0.0462,222.4,0.142,6.016,31.679,0.19
0.0503,223.7,0.155,6.476,34.726,0.186
0.0476,225.7,0.147,6.157,33.137,0.186
0.0542,217.3,0.167,6.611,36.343,0.182
0.0477,218.7,0.147,7.755,32.162,0.241
0.0492,217.7,0.152,6.854,33.047,0.207
0.0494,215.3,0.153,8.153,32.841,0.248
0.0503,214.5,0.155,8.604,33.293,0.258
0.0457,220,0.141,5.88,31.034,0.189
0.0491,219,0.152,6.131,33.22,0.185
0.046,219.6,0.142,7.013,31.201,0.225
0.0481,220.2,0.149,5.112,32.723,0.156
0.0475,221.9,0.147,6.967,32.56,0.214
0.0503,219.8,0.155,5.176,34.135,0.152
0.058,225.4,0.179,7.658,40.368,0.19
0.049,229.9,0.151,5.091,34.775,0.146
0.0503,221.1,0.155,7.175,34.31,0.209
0.0499,223.9,0.154,7.522,34.461,0.218
0.0477,223.9,0.147,5.726,32.982,0.174
0.0503,228.3,0.155,5.438,35.449,0.153
0.0485,219.2,0.15,5.97,32.817,0.182
0.0541,221.3,0.167,5.029,36.971,0.136
0.0502,213,0.155,8.567,33.012,0.26
0.0477,225.7,0.147,6.064,33.217,0.183
0.0521,214.1,0.161,7.071,34.45,0.205
0.0531,217.4,0.164,7.944,35.629,0.223
0.0545,214.8,0.168,5.511,36.154,0.152
0.0474,220.3,0.146,5.086,32.229,0.158
0.0513,220,0.158,8.02,34.812,0.23
0.0483,224.8,0.149,5.256,33.517,0.157
0.0488,216.6,0.151,6.793,32.618,0.208
0.0482,227,0.149,6.524,33.785,0.193
0.0566,227.2,0.175,2.902,39.7,0.073
0.05,222.9,0.154,8.828,34.385,0.257
0.0466,227,0.144,5.475,32.68,0.168
0.0502,223,0.155,9.329,34.55,0.27
0.0478,222.1,0.147,5.655,32.735,0.173
0.0494,214.4,0.152,8.335,32.66,0.255
0.051,229.2,0.157,6.519,36.07,0.181
0.0494,215.6,0.152,7.41,32.853,0.226
0.0498,218.6,0.154,5.406,33.584,0.161
0.0573,215.8,0.177,6.724,38.187,0.176
0.0498,226,0.154,6.442,34.705,0.186
0.0492,213.9,0.152,7.966,32.477,0.245
0.0497,222.9,0.154,6.196,34.222,0.181
0.052,214.3,0.16,8.188,34.375,0.238
0.0514,224.7,0.159,4.551,35.659,0.128
0.0516,232.8,0.159,3.433,37.094,0.093
0.0492,213.7,0.152,8.263,32.464,0.255
0.0507,223.4,0.157,6.266,34.961,0.179
0.0498,215,0.154,8.994,33.073,0.272
0.0495,233.1,0.153,5.946,35.598,0.167
0.0473,221.8,0.146,7.908,32.365,0.244
0.0519,225.3,0.16,8.576,36.076,0.238
0.0532,224.8,0.164,5.061,36.878,0.137
0.0529,208.7,0.163,7.508,34.054,0.22
0.048,219.9,0.148,5.363,32.604,0.164
0.0514,215.8,0.159,6.197,34.257,0.181
0.0564,215.5,0.174,5.235,37.546,0.139
0.0482,220.1,0.149,5.587,32.764,0.171
0.0495,219.3,0.153,6.509,33.468,0.194
0.0469,223.6,0.145,5.089,32.395,0.157
0.0521,214.3,0.161,7.426,34.452,0.216
0.0499,224.4,0.154,4.695,34.527,0.136
0.0483,230.3,0.149,6.115,34.305,0.178
0.0473,222.6,0.146,5.818,32.462,0.179
0.056,228.1,0.173,6.625,39.398,0.168
0.0497,220,0.153,4.771,33.726,0.141
0.0504,215.6,0.155,6.914,33.508,0.206
0.0549,217.2,0.169,5.86,36.784,0.159
0.0479,216.7,0.148,5.981,32.003,0.187
0.0524,211.5,0.162,8.036,34.218,0.235
0.0508,221.3,0.157,5.242,34.664,0.151
0.0512,212.3,0.158,7.509,33.572,0.224
0.0488,217.3,0.151,6.949,32.733,0.212
0.0515,215.3,0.159,7.892,34.196,0.231
0.0482,218.6,0.149,6.355,32.522,0.195
0.0499,212.2,0.154,7.638,32.665,0.234
0.0477,217.9,0.147,5.727,32.099,0.178
0.0488,219.2,0.151,5.474,33.041,0.166
0.0507,212.7,0.157,7.902,33.289,0.237
0.0465,221.2,0.144,5.357,31.759,0.169
0.0467,216,0.144,7.157,31.155,0.23
0.0508,221.8,0.157,4.27,34.797,0.123
0.0511,223.2,0.158,7.822,35.186,0.222
0.0512,215.3,0.158,6.912,34.048,0.203
0.0485,216,0.15,6.984,32.334,0.216
0.0504,218.7,0.156,5.719,34.038,0.168
0.0479,220.6,0.148,5.584,32.636,0.171
0.0499,219.8,0.154,7.356,33.856,0.217
0.0548,223.3,0.169,4.564,37.759,0.121
0.0509,216.6,0.157,7.397,34.014,0.217
0.0485,217,0.15,7.411,32.487,0.228
0.05,226.9,0.154,6.319,35.039,0.18
0.0482,224.2,0.149,8.03,33.325,0.241
0.051,217.3,0.157,8.836,34.185,0.258
0.048,226.2,0.148,6.054,33.493,0.181
0.0509,225.4,0.157,5.687,35.395,0.161
0.0517,218.4,0.159,9.355,34.84,0.269
0.0498,225.5,0.154,6.288,34.668,0.181
0.0485,214.8,0.15,7.842,32.148,0.244
0.0463,218.1,0.143,7.22,31.161,0.232
0.0505,217.4,0.156,6.938,33.874,0.205
0.0503,218.6,0.155,6.55,33.971,0.193
0.054,217.6,0.167,5.458,36.291,0.15
0.0497,228.4,0.153,5.659,35.053,0.161
0.0502,218.4,0.155,7.09,33.86,0.209
0.0484,223.5,0.149,5.545,33.369,0.166
0.0524,219.4,0.162,7.732,35.517,0.218
0.0491,225.7,0.151,5.968,34.18,0.175
0.053,219.4,0.164,8.007,35.904,0.223
0.0483,219.6,0.149,5.505,32.766,0.168
0.0516,213.8,0.159,8.133,34.04,0.239
0.0506,218,0.156,5.719,34.019,0.168
0.0473,216.2,0.146,7.324,31.58,0.232
0.0558,214.1,0.172,6.222,36.884,0.169
0.0495,218.7,0.153,5.932,33.413,0.178
0.0478,223.6,0.148,3.997,33.019,0.121
0.0511,211.7,0.158,8.561,33.405,0.256
0.0501,217.3,0.155,6.059,33.612,0.18
0.0466,219.4,0.144,5.811,31.557,0.184
0.0462,220.4,0.143,4.604,31.412,0.147
0.0481,219.4,0.148,5.395,32.533,0.166
0.0504,212.6,0.155,8.033,33.05,0.243
0.0498,209.4,0.154,8.681,32.223,0.269
0.0478,218.1,0.148,5.458,32.184,0.17
0.0496,219.3,0.153,4.638,33.583,0.138
0.0526,212.5,0.162,7.14,34.514,0.207
0.0479,215.1,0.148,7.453,31.821,0.234
0.0534,220,0.165,3.52,36.23,0.097
0.0506,210.4,0.156,8.733,32.881,0.266
0.0484,224.4,0.149,6.138,33.541,0.183
0.0496,219.2,0.153,5.525,33.574,0.165
0.0565,215.3,0.174,6.322,37.543,0.168
0.0567,212.7,0.175,6.075,37.192,0.163
0.0529,210.9,0.163,6.92,34.435,0.201
0.0476,216.9,0.147,7.086,31.841,0.223
0.0486,223.5,0.15,4.558,33.526,0.136
0.0522,218.8,0.161,5.067,35.275,0.144
0.0535,215.2,0.165,6.174,35.543,0.174
0.0551,211.8,0.17,7.843,35.991,0.218
0.0523,212.8,0.161,7.987,34.349,0.233
0.0511,213.6,0.158,7.533,33.714,0.223
0.0489,220.4,0.151,4.911,33.276,0.148
0.0559,219.3,0.173,6.419,37.845,0.17
0.0518,216.9,0.16,6.067,34.652,0.175
0.0511,214.1,0.158,7.106,33.79,0.21
0.0504,219.1,0.156,5.254,34.098,0.154
0.0482,216.3,0.149,7.599,32.189,0.236
0.0518,221.3,0.16,4.393,35.38,0.124
0.0519,211.3,0.16,8.288,33.821,0.245
0.0517,220.6,0.16,4.613,35.18,0.131
0.0536,215.5,0.165,6.851,35.636,0.192
0.0496,220.2,0.153,5.309,33.706,0.157
0.0516,213.9,0.159,7.624,34.068,0.224
0.0523,209.7,0.162,8.234,33.869,0.243
0.0509,218.5,0.157,5.357,34.293,0.156
0.0491,221.4,0.152,5.488,33.561,0.164
0.0516,212.5,0.159,8.23,33.836,0.243
0.051,220.3,0.157,5.461,34.685,0.157
0.0533,211.5,0.165,8.107,34.819,0.233
0.0498,221.2,0.154,4.856,33.994,0.143
0.0505,216.8,0.156,6.25,33.786,0.185
0.0537,215,0.166,7.121,35.624,0.2
0.047,218.9,0.145,5.628,31.776,0.177
0.0504,209.4,0.155,9.082,32.551,0.279
0.049,218,0.151,5.97,32.941,0.181
0.0525,217.9,0.162,5.468,35.345,0.155
0.0486,217.1,0.15,6.433,32.536,0.198
0.0498,220.8,0.154,4.068,33.965,0.12
0.052,212.8,0.161,7.027,34.171,0.206
0.0502,214.2,0.155,7.137,33.21,0.215
0.0553,215.9,0.171,5.973,36.825,0.162
0.0489,219,0.151,4.734,33.086,0.143
0.0535,210.9,0.165,7.305,34.799,0.21
0.0512,215.6,0.158,5.125,34.07,0.15
0.0531,218.7,0.164,4.466,35.867,0.125
0.0514,213.5,0.159,7.101,33.894,0.21
0.0528,215.4,0.163,6.131,35.078,0.175
0.05,219.6,0.154,4.709,33.866,0.139
0.0496,214.3,0.153,7.037,32.8,0.215
0.0517,215.2,0.159,5.927,34.315,0.173
0.0487,215.2,0.15,6.87,32.344,0.212
0.0526,217.7,0.162,6.014,35.382,0.17
0.0475,216.2,0.147,6.526,31.689,0.206
0.0544,214.1,0.168,7.917,35.949,0.22
0.0482,218.5,0.149,6.105,32.533,0.188
0.0548,215,0.169,6.897,36.379,0.19
0.049,218.9,0.151,5.292,33.08,0.16
0.0498,222.1,0.154,3.828,34.141,0.112
0.0516,215.5,0.159,5.576,34.318,0.162
0.0514,212.4,0.159,8.329,33.729,0.247
0.0511,222,0.158,4.262,34.975,0.122
0.052,218,0.16,5.494,34.974,0.157
0.0513,212.9,0.158,7.023,33.729,0.208
0.0486,219,0.15,5.392,32.849,0.164
0.0501,219.4,0.155,4.324,33.933,0.127
0.0517,216.7,0.159,6.191,34.561,0.179
0.0483,217,0.149,6.857,32.322,0.212
0.052,216.6,0.161,6.125,34.77,0.176
0.0501,220.8,0.155,3.787,34.123,0.111
0.0526,211.9,0.162,7.632,34.376,0.222
0.0513,217.8,0.158,5.434,34.46,0.158
0.0488,217.1,0.151,5.85,32.727,0.179
0.0496,218,0.153,5.007,33.379,0.15
0.0479,213.8,0.148,6.954,31.59,0.22
0.0505,216.1,0.156,7.158,33.681,0.213
0.0491,214.4,0.152,6.822,32.514,0.21
0.0511,215.3,0.158,6.027,33.958,0.177
0.0554,215.6,0.171,4.636,36.83,0.126
0.0513,214.6,0.158,5.916,33.999,0.174
0.0499,214.9,0.154,6.274,33.116,0.189
0.051,214.3,0.157,6.02,33.745,0.178
0.0507,216.8,0.157,7.484,33.952,0.22
0.055,217.1,0.17,4.114,36.834,0.112
0.0516,212.2,0.159,7.186,33.766,0.213
0.049,219.3,0.151,4.05,33.198,0.122
0.0529,212,0.163,6.831,34.642,0.197
0.048,217.2,0.148,5.784,32.159,0.18
0.0516,216.6,0.159,5.274,34.492,0.153
0.0477,219.1,0.147,5.926,32.232,0.184
0.0549,210.7,0.17,5.984,35.728,0.167
0.0501,230.2,0.155,4.775,35.571,0.134
0.0511,225.7,0.158,8.224,35.595,0.231
0.0491,219,0.152,4.259,33.187,0.128
0.0516,225,0.159,8.218,35.853,0.229
0.049,230.6,0.151,4.639,34.908,0.133
0.0519,219.6,0.16,7.592,35.141,0.216
0.0495,228.5,0.153,5.833,34.891,0.167
0.0529,221.9,0.163,6.86,36.253,0.189
0.0486,227.8,0.15,5.228,34.142,0.153
0.053,221.3,0.164,6.942,36.213,0.192
0.0499,224.3,0.154,4.41,34.572,0.128
0.0475,216.7,0.147,4.63,31.76,0.146
0.0516,208.8,0.159,7.09,33.266,0.213
0.0483,218.5,0.149,4.915,32.572,0.151
0.0512,214.1,0.158,5.505,33.862,0.163
0.0463,218.1,0.143,4.432,31.181,0.142
0.0501,208.7,0.155,7.444,32.269,0.231
0.0497,215.4,0.153,4.943,33.06,0.15
0.0509,212.8,0.157,6.774,33.446,0.203
0.0504,215.8,0.155,4.679,33.546,0.139
0.0479,214.6,0.148,5.989,31.729,0.189
0.0499,218.2,0.154,3.808,33.633,0.113
0.0491,216.4,0.151,4.596,32.768,0.14
0.0493,212.5,0.152,5.86,32.304,0.181
0.0482,211.1,0.149,6.827,31.437,0.217
0.0572,216.3,0.177,3.466,38.201,0.091
0.0486,211.6,0.15,6.902,31.748,0.217
0.0487,215.6,0.15,4.653,32.402,0.144
0.0499,210.7,0.154,6.786,32.481,0.209
0.0487,216.4,0.15,4.252,32.539,0.131
0.0513,207.2,0.158,7.771,32.792,0.237
0.0482,215.5,0.149,4.912,32.05,0.153
0.0473,213.3,0.146,5.792,31.118,0.186
0.0508,211,0.157,6.189,33.112,0.187
0.0496,211.2,0.153,5.573,32.324,0.172
0.0509,207.6,0.157,6.855,32.633,0.21
0.0462,216.8,0.143,4.553,30.938,0.147
0.0506,209.2,0.156,6.667,32.647,0.204
0.0482,217,0.149,4.409,32.317,0.136
0.048,213.6,0.148,6.076,31.664,0.192
0.0505,208.9,0.156,6.494,32.575,0.199
0.0502,212.7,0.155,4.932,32.933,0.15
0.0479,215.6,0.148,4.537,31.851,0.142
0.0484,209.6,0.149,7.007,31.324,0.224
0.0575,213.6,0.177,4.208,37.888,0.111
0.0506,209.6,0.156,7.013,32.766,0.214
0.0477,217.6,0.147,4.011,32.035,0.125
0.0508,211.6,0.157,6.315,33.171,0.19
0.052,219.1,0.161,2.865,35.186,0.081
0.0519,209.2,0.16,6.848,33.539,0.204
0.0502,215,0.155,5.06,33.29,0.152
0.0482,215.4,0.149,5.746,32.037,0.179
0.0521,214.5,0.161,7.046,34.473,0.204
0.0496,217.2,0.153,3.814,33.286,0.115
0.0525,208.5,0.162,7.213,33.77,0.214
0.0496,217.4,0.153,3.854,33.295,0.116
0.0495,210.5,0.153,6.835,32.129,0.213
0.0543,215.9,0.168,3.902,36.167,0.108
0.0489,211,0.151,6.413,31.826,0.201
0.0503,215.7,0.155,4.117,33.462,0.123
0.0465,217.3,0.143,4.923,31.169,0.158
0.0507,209.5,0.156,6.235,32.776,0.19
0.0496,221.3,0.153,3.076,33.848,0.091
0.0517,209.6,0.16,6.807,33.457,0.203
0.0504,217.7,0.156,4.135,33.883,0.122
0.0506,213,0.156,6.683,33.237,0.201
0.05,216,0.154,4.82,33.325,0.145
0.0517,212.2,0.16,6.498,33.874,0.192
0.0507,214.5,0.157,5.118,33.593,0.152
0.0521,215.2,0.161,5.312,34.598,0.154
0.0496,218,0.153,5.456,33.342,0.164
0.0472,221.4,0.146,4.957,32.226,0.154
0.0499,212.6,0.154,7.149,32.765,0.218
0.0497,215.4,0.154,5.829,33.072,0.176
0.0498,216.6,0.154,6.74,33.307,0.202
0.0508,218.7,0.157,4.707,34.296,0.137
0.0533,213,0.165,6.991,35.053,0.199
0.0504,217,0.155,5.173,33.73,0.153
0.0522,211.2,0.161,6.992,34.022,0.206
0.0483,216.6,0.149,5.781,32.323,0.179
0.0518,213.4,0.16,6.575,34.104,0.193
0.0504,212.3,0.156,7.782,33.023,0.236
0.0493,220,0.152,3.973,33.503,0.119
0.0526,214.7,0.162,6.54,34.857,0.188
0.0539,218.8,0.166,4.205,36.405,0.116
0.0509,211.9,0.157,7.067,33.277,0.212
0.0553,220.3,0.171,4.662,37.603,0.124
0.0494,218.9,0.152,4.953,33.373,0.148
0.0502,214.4,0.155,7.45,33.229,0.224
0.0515,216.7,0.159,5.574,34.413,0.162
0.0538,213.1,0.166,6.305,35.385,0.178
0.0527,213.2,0.163,6.711,34.699,0.193
0.0505,217,0.156,4.377,33.815,0.129
0.0522,212.2,0.161,7.593,34.209,0.222
0.0546,212.1,0.168,6.11,35.728,0.171
0.0556,218.9,0.172,4.028,37.587,0.107
0.0525,213.6,0.162,6.987,34.612,0.202
0.0493,217.3,0.152,5.579,33.088,0.169
0.0523,215.5,0.161,6.305,34.773,0.181
0.0516,220.2,0.159,4.964,35.04,0.142
0.0532,214.3,0.164,6.077,35.185,0.173
0.0503,218.1,0.155,5.053,33.845,0.149
0.0537,211.4,0.166,6.681,35.033,0.191
0.0514,217.8,0.159,5.465,34.566,0.158
0.0543,222,0.168,6.545,37.201,0.176
0.0514,219.3,0.159,5.285,34.805,0.152
0.0534,213.2,0.165,6.792,35.16,0.193
0.0511,219,0.158,3.939,34.506,0.114
0.0525,222.7,0.162,4.11,36.113,0.114
0.0509,214.8,0.157,6.689,33.739,0.198
0.0515,214,0.159,6.452,34.007,0.19
0.0536,217.7,0.165,4.24,35.985,0.118
0.0518,212.9,0.16,7.041,34.045,0.207
0.0529,219.1,0.163,3.945,35.806,0.11
0.0524,212.3,0.162,7.214,34.372,0.21
0.0527,212.3,0.163,6.638,34.536,0.192
0.0526,217.5,0.162,5.171,35.296,0.147
0.0501,215.1,0.155,6.074,33.251,0.183
0.0519,217.4,0.16,4.79,34.816,0.138
0.0523,211.2,0.161,7.019,34.091,0.206
0.0541,220,0.167,3.412,36.76,0.093
0.0529,210.5,0.163,7.38,34.356,0.215
0.0497,217,0.154,4.995,33.32,0.15
0.0512,210.9,0.158,7.535,33.351,0.226
0.0498,217.5,0.154,4.868,33.397,0.146
0.0474,218,0.146,4.824,31.862,0.151
0.0504,215.6,0.156,5.234,33.554,0.156
0.0531,216.3,0.164,5.052,35.429,0.143
0.053,218.4,0.164,4.195,35.751,0.117
0.0503,211.1,0.155,7.311,32.749,0.223
0.05,216.4,0.154,3.536,33.423,0.106
0.0504,209.3,0.155,6.944,32.53,0.213
0.0483,218.4,0.149,4.792,32.548,0.147
0.0515,213.9,0.159,5.904,33.981,0.174
0.0481,217,0.149,5.129,32.223,0.159
0.0518,215.4,0.16,4.707,34.429,0.137
0.0501,217.3,0.155,3.958,33.597,0.118
0.0533,215,0.165,5.596,35.369,0.158
0.0503,217.4,0.155,4.5,33.747,0.133
0.0525,214.3,0.162,5.935,34.711,0.171
0.0497,219,0.153,4.328,33.588,0.129
0.052,212.8,0.161,6.702,34.174,0.196
0.0506,218.8,0.156,5.441,34.178,0.159
0.0528,217.3,0.163,4.675,35.414,0.132
0.0525,215.3,0.162,5.428,34.897,0.156
0.0565,214.5,0.174,5.73,37.403,0.153
0.0519,217.9,0.16,4.666,34.92,0.134
0.0491,220.7,0.152,4.481,33.465,0.134
0.0517,210.8,0.16,7.656,33.664,0.227
0.0503,219.1,0.155,4.331,33.984,0.127
0.0517,213.2,0.16,7.234,34.018,0.213
0.0521,220.3,0.161,3.214,35.433,0.091
0.0497,215.1,0.153,6.033,32.967,0.183
0.0544,214.2,0.168,5.352,35.978,0.149
0.0518,212.4,0.16,6.687,33.939,0.197
0.0506,221,0.156,3.181,34.534,0.092
0.0515,215,0.159,6.339,34.149,0.186
0.052,219.6,0.161,3.982,35.257,0.113
0.052,216.3,0.16,6.67,34.705,0.192
0.0524,217.3,0.162,5.483,35.133,0.156
0.0512,213.7,0.158,7.209,33.739,0.214
0.051,219.5,0.157,4.586,34.568,0.133
0.0487,219.3,0.15,5.956,32.923,0.181
0.0516,214.9,0.159,7.403,34.262,0.216
0.0519,221.3,0.16,4.364,35.436,0.123
0.0523,214.2,0.162,7.203,34.593,0.208
0.051,220.4,0.157,4.414,34.675,0.127
0.0513,219.8,0.158,5.456,34.829,0.157
0.0523,218.8,0.161,5.504,35.33,0.156
0.0495,224.6,0.153,5.296,34.321,0.154
0.0525,220.5,0.162,4.109,35.747,0.115
0.0504,218.8,0.156,4.898,34.019,0.144
0.0546,214.2,0.169,6.801,36.119,0.188
0.051,219.4,0.158,4.529,34.561,0.131
0.0492,217.5,0.152,6.101,33.011,0.185
0.0519,212.9,0.16,6.656,34.08,0.195
0.0518,217.5,0.16,4.829,34.741,0.139
0.0489,220.4,0.151,4.503,33.278,0.135
0.0515,211.6,0.159,7.464,33.66,0.222
0.055,213.5,0.17,6.94,36.224,0.192
0.0516,219.1,0.159,4.311,34.877,0.124
0.051,215.9,0.157,6.896,33.984,0.203
0.0544,211.6,0.168,7.062,35.527,0.199
0.0527,222.2,0.163,3.19,36.133,0.088
0.0506,218.9,0.156,5.213,34.173,0.153
0.0495,216.6,0.153,5.576,33.069,0.169
0.0522,214,0.161,7.28,34.468,0.211
0.0542,214.7,0.167,6.732,35.927,0.187
0.0508,219.8,0.157,3.67,34.484,0.106
0.0513,213.6,0.158,7.135,33.805,0.211
0.0529,216,0.163,6.631,35.282,0.188
0.0522,220.2,0.161,4.109,35.497,0.116
0.0514,214.4,0.159,7.149,34.026,0.21
0.0506,219.7,0.156,4.387,34.334,0.128
0.051,221,0.157,5.142,34.783,0.148
0.0547,215.3,0.169,6.005,36.36,0.165
0.0506,219.5,0.156,4.796,34.25,0.14
0.0555,217.3,0.171,4.634,37.227,0.124
0.0499,218.8,0.154,4.647,33.672,0.138
0.0504,214.8,0.156,6.464,33.431,0.193
0.0545,216.4,0.168,5.312,36.429,0.146
0.0421,220.8,0.13,4.717,28.67,0.165
0.0439,215,0.135,4.384,29.097,0.151
0.0436,216.3,0.135,5.171,29.108,0.178
0.0436,214.6,0.135,5.742,28.869,0.199
0.0447,213,0.138,5.089,29.395,0.173
0.0495,211.4,0.153,6.304,32.33,0.195
0.0491,216.5,0.152,3.615,32.805,0.11
0.0478,219.9,0.147,2.286,32.44,0.07
0.0425,216.2,0.131,2.801,28.39,0.099
0.0461,211.8,0.142,6.321,30.117,0.21
0.045,212.5,0.139,5.517,29.481,0.187
0.058,221.8,0.179,0.09,39.668,0.002
0.0559,220.9,0.172,0.331,38.104,0.009
0.0423,219.4,0.13,4.244,28.625,0.148
0.0445,210.8,0.137,5.543,28.97,0.191
0.0467,212.7,0.144,6.041,30.662,0.197
0.0463,214.7,0.143,4.884,30.658,0.159
0.0441,220.8,0.136,3.164,30.044,0.105
0.043,221.1,0.133,3.266,29.311,0.111
0.0427,219.6,0.132,3.58,28.969,0.124
0.0455,218.1,0.14,3.818,30.637,0.125
0.0511,222.7,0.158,0.892,35.156,0.025
0.0463,219.1,0.143,3.177,31.31,0.101
0.0482,218.5,0.149,2.737,32.524,0.084
0.0464,215,0.143,4.228,30.807,0.137
0.0458,212,0.141,6.104,29.963,0.204
0.0461,211.8,0.142,6.062,30.132,0.201
0.0473,215.2,0.146,4.668,31.451,0.148
0.0461,215.8,0.142,4.792,30.731,0.156
0.0462,214.3,0.143,5.053,30.566,0.165
0.0489,217,0.151,3.003,32.767,0.092
0.0425,219.4,0.131,3.035,28.815,0.105
0.0443,214.5,0.137,3.533,29.349,0.12
0.0466,211.1,0.144,5.649,30.353,0.186
0.0446,218.4,0.138,3.233,30.04,0.108
0.0428,216.4,0.132,3.401,28.557,0.119
0.0476,210.8,0.147,6.406,30.939,0.207
0.043,213.6,0.133,3.79,28.36,0.134
0.0454,216,0.14,4.167,30.304,0.137
0.0447,214.9,0.138,4.95,29.654,0.167
0.0502,227.1,0.155,1.72,35.149,0.049
0.0464,214.8,0.143,4.584,30.757,0.149
0.0447,214,0.138,4.751,29.556,0.161
0.0468,215,0.145,4.149,31.068,0.134
0.0439,224.2,0.135,1.608,30.367,0.053
0.0445,215.2,0.137,4.414,29.553,0.149
0.0462,210.4,0.143,6.068,30.004,0.202
0.0495,210.3,0.153,5.822,32.137,0.181
0.0474,212.6,0.146,5.595,31.09,0.18
0.0485,210.1,0.15,5.812,31.464,0.185
0.0486,210.2,0.15,5.357,31.517,0.17
0.0452,209.6,0.14,5.574,29.235,0.191
0.0441,212.5,0.136,5.361,28.943,0.185
0.0476,212.8,0.147,5.272,31.257,0.169
0.0472,209.3,0.146,5.96,30.522,0.195
0.0528,210.1,0.163,4.822,34.23,0.141
0.0474,211.5,0.146,5.115,30.911,0.165
0.0471,220,0.145,1.521,31.994,0.048
0.0484,214.5,0.149,3.49,32.072,0.109
0.0487,207.7,0.15,5.821,31.213,0.186
0.0438,220.6,0.135,2.623,29.804,0.088
0.0479,211.5,0.148,5.894,31.243,0.189
0.0443,218.7,0.137,5.366,29.914,0.179
0.0445,218.8,0.137,2.735,30.032,0.091
0.0478,213.7,0.148,4.369,31.529,0.139
0.049,208.5,0.151,6.522,31.557,0.207
0.0482,210.9,0.149,4.931,31.384,0.157
0.0461,219.9,0.142,2.711,31.321,0.087
0.0496,209.3,0.153,5.922,32.01,0.185
0.0476,209.4,0.147,6.466,30.747,0.21
0.0446,219.8,0.138,3.213,30.28,0.106
0.0452,218.7,0.14,2.777,30.526,0.091
0.0461,220,0.142,2.218,31.317,0.071
0.0449,219.4,0.138,2.205,30.372,0.073
0.0516,212,0.159,4.473,33.736,0.133
0.0501,209.8,0.155,5.503,32.427,0.17
0.0516,211.7,0.159,4.709,33.724,0.14
0.048,213.3,0.148,4.484,31.607,0.142
0.0461,219.2,0.142,3.017,31.178,0.097
0.0459,216.2,0.142,4.492,30.654,0.147
0.0509,211.4,0.157,5.114,33.223,0.154
0.0465,218.4,0.144,3.062,31.35,0.098
0.0499,209.8,0.154,5.704,32.297,0.177
0.0468,220,0.144,2.567,31.759,0.081
0.0479,215.9,0.148,4.177,31.9,0.131
0.0481,211.3,0.148,6.137,31.344,0.196
0.0478,215,0.147,4.083,31.695,0.129
0.0461,213.8,0.142,5.089,30.412,0.167
0.0492,208.6,0.152,7.112,31.654,0.225
0.0471,217.3,0.145,3.218,31.593,0.102
0.053,219.4,0.164,0.652,35.909,0.018
0.0477,212.9,0.147,5.388,31.351,0.172
0.055,216.2,0.17,1.982,36.66,0.054
0.0493,223.1,0.152,0.553,33.918,0.016
0.0456,215.1,0.141,4.976,30.291,0.164
0.0505,210.4,0.156,5.043,32.785,0.154
0.0488,217.6,0.151,2.697,32.781,0.082
0.0462,221.4,0.143,2.509,31.607,0.079
0.0467,214.5,0.144,5.356,30.895,0.173
0.049,212.2,0.151,5.502,32.117,0.171
0.0464,219.7,0.143,2.383,31.444,0.076
0.0478,210.5,0.147,5.902,31.04,0.19
0.0503,208.8,0.155,5.976,32.396,0.184
0.049,216.2,0.151,3.321,32.677,0.102
0.0473,217.5,0.146,3.234,31.727,0.102
0.0457,217,0.141,3.544,30.613,0.116
0.0476,214.9,0.147,5.086,31.557,0.161
0.0498,207.3,0.154,6.841,31.883,0.215
0.0499,207.6,0.154,6.363,31.967,0.199
0.0498,207.1,0.154,6.651,31.801,0.209
0.0476,218,0.147,2.731,32.03,0.085
0.048,220.4,0.148,2.035,32.672,0.062
0.0498,213.7,0.154,5.818,32.856,0.177
0.0542,221.5,0.167,0.061,37.078,0.002
0.0463,216.2,0.143,4.834,30.873,0.157
0.0488,218.6,0.151,6.746,32.935,0.205
0.0473,225.2,0.146,3.043,32.871,0.093
0.047,221.2,0.145,6.656,32.07,0.208
0.0495,215,0.153,5.708,32.861,0.174
0.0462,222,0.143,4.888,31.689,0.154
0.0518,218.1,0.16,5.856,34.895,0.168
0.0497,223.4,0.153,3.632,34.276,0.106
0.0498,213.3,0.154,4.505,32.813,0.137
0.0494,212.4,0.152,5.089,32.346,0.157
0.0483,220,0.149,2.237,32.828,0.068
0.0498,215.5,0.154,4.822,33.143,0.145
0.048,220.4,0.148,2.463,32.674,0.075
0.0468,215.8,0.144,4.453,31.16,0.143
0.0502,215.1,0.155,4.672,33.338,0.14
0.0475,218.8,0.147,3.085,32.061,0.096
0.046,217.2,0.142,3.855,30.862,0.125
0.0481,210.8,0.148,6.207,31.299,0.198
0.0507,216,0.156,4.412,33.783,0.131
0.0467,213.7,0.144,6.442,30.799,0.209
0.0499,217,0.154,3.87,33.443,0.116
0.0465,221.6,0.144,3.801,31.819,0.119
0.0511,213.6,0.158,5.829,33.686,0.173
0.0472,219.2,0.146,3.113,31.926,0.097
0.0499,212.3,0.154,5.614,32.715,0.172
0.0472,218.6,0.146,3.295,31.85,0.103
0.0492,211.6,0.152,6.224,32.132,0.194
0.048,220,0.148,3.636,32.609,0.112
0.0484,213.2,0.149,6.717,31.826,0.211
0.049,221.7,0.151,1.662,33.525,0.05
0.05,212.5,0.154,5.878,32.79,0.179
0.0475,220,0.147,3.317,32.264,0.103
0.0497,213.3,0.153,5.995,32.697,0.183
0.0498,219,0.154,5.694,33.629,0.169
0.0467,222.1,0.144,3.658,32.009,0.114
0.0497,217.2,0.153,5.258,33.339,0.158
0.0467,221.9,0.144,3.478,31.998,0.109
0.0484,214.2,0.149,5.788,31.999,0.181
0.0495,212.8,0.153,6.893,32.529,0.212
0.0483,220.4,0.149,3.632,32.842,0.111
0.0484,215.5,0.149,5.606,32.172,0.174
0.0482,221.8,0.149,4.748,33.013,0.144
0.0464,221.9,0.143,3.888,31.779,0.122
0.0488,214.5,0.15,6.278,32.275,0.195
0.048,222,0.148,3.692,32.891,0.112
0.0505,219.1,0.156,4.239,34.154,0.124
0.0488,215.5,0.151,5.34,32.485,0.164
0.0498,221.8,0.154,1.82,34.066,0.053
0.0498,217,0.154,5.859,33.327,0.176
0.0491,217.6,0.152,3.967,33.01,0.12
0.0465,227.6,0.144,2.615,32.678,0.08
0.0452,220,0.139,4.94,30.657,0.161
0.0547,221.7,0.169,2.992,37.421,0.08
0.0488,221.7,0.151,3.832,33.388,0.115
0.0479,215.7,0.148,5.673,31.913,0.178
0.0492,217.3,0.152,5.12,33.01,0.155
0.0472,222.2,0.146,2.469,32.344,0.076
0.0442,221.9,0.136,4.028,30.258,0.133
0.0487,209.5,0.15,7.295,31.503,0.232
0.0489,216.5,0.151,4.938,32.701,0.151
0.0466,223,0.144,2.769,32.06,0.086
0.0487,212.3,0.15,6.196,31.914,0.194
0.0494,218,0.153,4.334,33.268,0.13
0.0475,222.3,0.147,3.249,32.622,0.1
0.046,221.9,0.142,3.76,31.484,0.119
0.0487,215.1,0.15,6.059,32.34,0.187
0.0484,215.2,0.149,6.018,32.127,0.187
0.0496,216.5,0.153,4.669,33.13,0.141
0.047,219.4,0.145,3.752,31.821,0.118
0.0458,217.7,0.141,4.858,30.758,0.158
0.0467,216.2,0.144,5.453,31.134,0.175
0.0492,211.6,0.152,6.916,32.156,0.215
0.0504,214.5,0.155,5.409,33.337,0.162
0.0471,220.6,0.145,3.628,32.072,0.113
0.0467,218.3,0.144,4.7,31.482,0.149
0.0479,214,0.148,6.484,31.667,0.205
0.0497,212.4,0.153,6.8,32.586,0.209
0.0472,224.6,0.146,3.029,32.719,0.093
0.052,220.7,0.161,3.876,35.433,0.109
0.051,223.8,0.157,1.697,35.202,0.048
0.0464,217.5,0.143,4.762,31.144,0.153
0.0466,220.2,0.144,3.684,31.677,0.116
0.0478,216.5,0.147,5.155,31.91,0.162
0.0461,219.4,0.142,4.035,31.242,0.129
0.0488,213.1,0.151,5.803,32.086,0.181
0.0477,228.1,0.147,2.748,33.566,0.082
0.0481,221.4,0.148,5.405,32.864,0.164
0.0497,216.2,0.153,6.764,33.163,0.204
0.0471,225.3,0.146,3.338,32.78,0.102
0.0454,222.1,0.14,5.628,31.123,0.181
0.0473,212.4,0.146,5.992,31.01,0.193
0.0501,211.1,0.155,5.684,32.678,0.174
0.0487,213.5,0.15,5.094,32.104,0.159
0.0485,216.4,0.15,3.762,32.368,0.116
0.046,218.4,0.142,3.947,31.021,0.127
0.0488,208.7,0.151,6.902,31.452,0.219
0.0491,214.4,0.152,4.048,32.501,0.125
0.0459,220,0.142,2.827,31.138,0.091
0.0509,212.7,0.157,4.367,33.444,0.131
0.0492,212.3,0.152,5.533,32.247,0.172
0.0495,215.3,0.153,4.437,32.861,0.135
0.0494,223.5,0.152,1.338,34.073,0.039
0.0457,219.2,0.141,3.676,30.92,0.119
0.0499,213.1,0.154,5.388,32.793,0.164
0.0498,209.7,0.154,6.51,32.241,0.202
0.0487,214.2,0.15,3.979,32.204,0.124
0.0485,218.1,0.15,2.963,32.668,0.091
0.0463,220.9,0.143,2.997,31.535,0.095
0.0468,215.1,0.145,5.519,31.087,0.178
0.0507,215.2,0.156,5.195,33.653,0.154
0.0495,217.3,0.153,4.492,33.226,0.135
0.0468,222.9,0.144,3.365,32.166,0.105
0.0469,216.2,0.145,5.931,31.299,0.19
0.0481,217.2,0.149,5.876,32.251,0.182
0.0541,215.3,0.167,4.404,35.92,0.123
0.0498,213,0.154,6.753,32.717,0.206
0.055,213.2,0.17,4.626,36.171,0.128
0.0491,216.7,0.152,5.026,32.853,0.153
0.0494,215.8,0.153,4.949,32.927,0.15
0.049,214,0.151,5.699,32.396,0.176
0.0468,219,0.145,4.007,31.653,0.127
0.0505,225.2,0.156,1.881,35.105,0.054
0.0476,222.6,0.147,3.753,32.713,0.115
0.0477,221,0.147,3.291,32.504,0.101
0.0473,219.6,0.146,5.055,32.04,0.158
0.0493,215.3,0.152,6.374,32.796,0.194
0.0557,216.4,0.172,2.629,37.223,0.071
0.048,221.2,0.148,3.453,32.757,0.105
0.0488,214.5,0.151,6.823,32.297,0.211
0.0496,214.3,0.153,5.886,32.812,0.179
0.0464,222.5,0.143,3.4,31.871,0.107
0.0495,214.7,0.153,5.595,32.819,0.17
0.0491,218.8,0.151,3.602,33.143,0.109
0.0475,218.5,0.146,5.729,31.999,0.179
0.0475,224.6,0.146,4.203,32.902,0.128
0.0467,218,0.144,5.244,31.423,0.167
0.0496,217.6,0.153,5.946,33.316,0.178
0.0513,224.4,0.158,2.451,35.498,0.069
0.0484,213.7,0.149,6.369,31.93,0.199
0.0492,218.6,0.152,5.188,33.194,0.156
0.0501,225.8,0.155,2.183,34.94,0.062
0.0463,216.9,0.143,5.98,31.002,0.193
0.0487,213,0.15,7.391,31.991,0.231
0.0481,220.4,0.148,4.126,32.701,0.126
0.0467,216.5,0.144,5.633,31.225,0.18
0.0505,216.8,0.156,5.143,33.781,0.152
0.0492,217.8,0.152,4.293,33.045,0.13
0.0488,222.7,0.151,2.586,33.563,0.077
0.0471,214.9,0.145,6.244,31.225,0.2
0.0499,217.2,0.154,6.028,33.415,0.18
0.0457,227.4,0.141,2.517,32.069,0.078
0.0462,218.1,0.142,5.699,31.067,0.183
0.0495,216.8,0.153,4.978,33.089,0.15
0.0481,221.4,0.149,2.883,32.894,0.088
0.0462,220.1,0.143,4.558,31.416,0.145
0.0485,212.7,0.15,7.13,31.844,0.224
0.0484,218.2,0.149,4.627,32.59,0.142
0.0463,223,0.143,3.073,31.871,0.096
0.0489,216.2,0.151,5.746,32.646,0.176
0.0499,216.7,0.154,4.983,33.401,0.149
0.0482,219.7,0.149,4.666,32.716,0.143
0.0456,221.4,0.141,4.068,31.146,0.131
0.0489,212.9,0.151,6.774,32.161,0.211
0.0454,221.6,0.14,4.042,31.044,0.13
0.0487,214.3,0.15,6.531,32.247,0.203
0.0466,223.9,0.144,3.407,32.219,0.106
0.0478,217.8,0.147,5.085,32.116,0.158
0.0533,221.3,0.165,4.106,36.41,0.113
0.0455,225.2,0.14,4.355,31.61,0.138
0.0491,218.1,0.152,6.166,33.081,0.186
0.0483,215.6,0.149,5.683,32.136,0.177
0.0491,215.3,0.151,5.892,32.608,0.181
0.0469,222.8,0.145,3.158,32.257,0.098
0.0472,215.2,0.146,5.82,31.345,0.186
0.0478,220.1,0.148,3.829,32.488,0.118
0.0487,218.5,0.15,5.124,32.865,0.156
0.0469,221.7,0.145,3.318,32.103,0.103
0.0492,215.5,0.152,6.033,32.719,0.184
0.0488,220.1,0.151,3.861,33.144,0.117
0.0461,220.9,0.142,3.961,31.427,0.126
0.0478,213.7,0.148,6.367,31.542,0.202
0.0484,218.1,0.149,4.197,32.563,0.129
0.0499,223.6,0.154,2.211,34.427,0.064
0.0491,215,0.151,6.471,32.55,0.199
0.0486,221.2,0.15,5.205,33.207,0.157
0.0465,226.8,0.143,3.541,32.521,0.109
0.0485,220.8,0.15,5.386,33.027,0.163
0.0476,221.9,0.147,2.61,32.621,0.08
0.0457,217.3,0.141,5.869,30.624,0.192
0.05,215.9,0.154,5.134,33.339,0.154
0.0493,212.2,0.152,6.758,32.287,0.209
0.046,220.3,0.142,6.328,31.28,0.202
0.0508,215.2,0.157,4.856,33.708,0.144
0.0486,218.9,0.15,3.516,32.813,0.107
0.0478,217.5,0.148,4.821,32.094,0.15
0.0469,216.3,0.145,5.356,31.319,0.171
0.0502,214.2,0.155,5.93,33.206,0.179
0.048,222.7,0.148,4.046,32.983,0.123
0.0475,217.1,0.147,5.336,31.821,0.168
0.0489,212.4,0.151,6.474,32.037,0.202
0.0488,211.2,0.151,6.838,31.823,0.215
0.0465,220.8,0.143,3.664,31.671,0.116
0.0495,211.8,0.153,6.266,32.361,0.194
0.0467,218.5,0.144,4.703,31.483,0.149
0.0489,211.5,0.151,6.642,31.924,0.208
0.0487,215.3,0.15,5.477,32.355,0.169
0.0507,212.9,0.156,5.859,33.317,0.176
0.0486,211.8,0.15,6.588,31.762,0.207
0.0458,221.4,0.141,3.668,31.314,0.117
0.0503,222.4,0.155,4.633,34.536,0.134
0.0509,213.7,0.157,6.343,33.601,0.189
0.0476,222,0.147,3.011,32.625,0.092
0.0478,216.5,0.148,5.225,31.963,0.163
0.0489,220.7,0.151,3.888,33.284,0.117
0.0467,215.5,0.144,6.213,31.031,0.2
0.0488,212.5,0.151,6.93,31.995,0.217
0.0467,220.5,0.144,3.965,31.794,0.125
0.0459,221.1,0.142,4.164,31.296,0.133
0.0472,215.9,0.146,5.977,31.421,0.19
0.0488,216,0.151,4.995,32.54,0.153
0.0463,223.8,0.143,2.814,32.004,0.088
0.0471,214.1,0.145,5.814,31.104,0.187
0.0498,214,0.154,5.517,32.878,0.168
0.0472,219.1,0.146,3.939,31.947,0.123
0.0477,218.1,0.147,4.093,32.106,0.127
0.0512,218.9,0.158,3.303,34.581,0.096
0.0482,213.3,0.149,5.868,31.733,0.185
0.0457,217.6,0.141,5.23,30.718,0.17
0.0508,216.8,0.157,3.708,33.959,0.109
0.048,222.4,0.148,2.501,32.922,0.076
0.0498,214.5,0.154,5.544,32.983,0.168
0.0462,222.2,0.143,2.935,31.679,0.093
0.0483,211.5,0.149,6.99,31.499,0.222
0.0471,221.1,0.145,3.166,32.15,0.098
0.0487,215.6,0.15,6.212,32.387,0.192
0.0487,216,0.15,5.641,32.482,0.174
0.0474,218,0.146,4.682,31.921,0.147
0.0486,218.6,0.15,3.8,32.757,0.116
0.0459,222.9,0.142,2.601,31.583,0.082
0.0498,210.4,0.154,6.353,32.325,0.197
0.047,221.1,0.145,3.337,32.056,0.104
0.0482,215.2,0.149,5.445,32.044,0.17
0.0464,220.6,0.143,3.221,31.629,0.102
0.0469,214.1,0.145,6.297,30.98,0.203
0.0514,220.2,0.159,2.991,34.925,0.086
0.0463,221.1,0.143,3.209,31.623,0.101
0.0454,216.9,0.14,5.799,30.408,0.191
0.0477,214.2,0.147,5.413,31.53,0.172
0.0473,223.8,0.146,2.086,32.685,0.064
0.046,216.9,0.142,5.326,30.821,0.173
0.0482,215.3,0.149,5.562,32.054,0.174
0.0467,218.7,0.144,4.697,31.51,0.149
0.0497,213.2,0.153,6,32.694,0.184
0.047,219.6,0.145,3.634,31.833,0.114
0.0465,218.8,0.143,3.96,31.377,0.126
0.0481,218.4,0.149,6.087,32.433,0.188
0.0496,214.4,0.153,5.315,32.819,0.162
0.0484,223.2,0.149,2.189,33.324,0.066
0.0441,223.3,0.136,3.184,30.428,0.105
0.0477,214.6,0.147,6.239,31.574,0.198
0.052,215.1,0.16,4.373,34.492,0.127
0.0462,223.4,0.143,2.896,31.838,0.091
0.0469,218,0.145,5.321,31.577,0.168
0.0481,210.9,0.148,7.622,31.288,0.244
0.0473,219.3,0.146,4.221,32.044,0.132
0.046,220.9,0.142,3.768,31.339,0.12
0.0468,211.9,0.144,6.574,30.603,0.215
0.0478,221.8,0.147,4.773,32.714,0.146
0.051,215.5,0.157,4.199,33.901,0.124
0.0462,219.3,0.143,3.352,31.269,0.107
0.0466,214.4,0.144,6.366,30.816,0.207
0.0491,211.3,0.151,6.185,32.004,0.193
0.0491,216.6,0.152,4.377,32.847,0.133
0.0462,220.9,0.142,2.737,31.48,0.087
0.0497,213.9,0.153,6.16,32.801,0.188
0.0472,217.8,0.146,3.831,31.744,0.121
0.0452,221.6,0.14,3.525,30.925,0.114
0.0475,215.5,0.146,5.24,31.557,0.166
0.0479,211.8,0.148,6.506,31.295,0.208
0.0489,218.2,0.151,4.041,32.938,0.123
0.0482,220.8,0.149,3.136,32.823,0.096
0.0452,220.5,0.14,3.866,30.786,0.126
0.0467,217.1,0.144,5.752,31.274,0.184
0.0501,214.5,0.155,6.129,33.15,0.185
0.0503,211.1,0.155,6.919,32.755,0.211
0.0482,218,0.149,4.436,32.407,0.137
0.0491,220.8,0.152,3.24,33.486,0.097
0.0443,220.7,0.137,4.463,30.203,0.148
0.0449,220.5,0.138,4.599,30.529,0.151
0.0477,214.4,0.147,6.574,31.539,0.208
0.0498,213.5,0.154,6.277,32.821,0.191
0.0485,212.7,0.15,6.59,31.874,0.207
0.0478,215.5,0.147,6.314,31.777,0.199
0.0467,212.8,0.144,6.37,30.689,0.208
0.0497,211.2,0.154,6.846,32.42,0.211
0.0466,213.5,0.144,6.479,30.708,0.211
0.0469,213.6,0.145,5.578,30.94,0.18
0.0483,212.5,0.149,6.079,31.682,0.192
0.0454,218.7,0.14,4.892,30.631,0.16
0.0465,218,0.143,4.23,31.266,0.135
0.0451,218.9,0.139,3.472,30.486,0.114
0.0478,216.8,0.147,5.381,31.954,0.168
0.0465,215.8,0.143,5.449,30.952,0.176
0.0474,215,0.146,5.181,31.451,0.165
0.0484,215.2,0.149,5.334,32.121,0.166
0.0486,216.1,0.15,5.608,32.428,0.173
0.0492,211.9,0.152,7.045,32.149,0.219
0.0481,211.3,0.148,7.312,31.342,0.233
0.0494,212.1,0.152,6.562,32.308,0.203
0.0496,212.4,0.153,6.809,32.532,0.209
0.0502,214.3,0.155,4.822,33.177,0.145
0.0485,214.8,0.15,5.117,32.164,0.159
0.0473,217.1,0.146,5.201,31.685,0.164
0.0533,211.8,0.165,5.346,34.839,0.153
0.0469,221.1,0.145,3.746,31.97,0.117
0.0469,221.3,0.145,4.13,32.046,0.129
0.0467,215,0.144,7.048,31.01,0.227
0.0491,218.7,0.152,5.205,33.128,0.157
0.0535,219.5,0.165,3.323,36.24,0.092
0.0476,221.1,0.147,3.947,32.508,0.121
0.047,218.7,0.145,5.737,31.733,0.181
0.0493,216.1,0.152,5.83,32.896,0.177
0.0472,215.1,0.146,5.606,31.353,0.179
0.049,219.5,0.151,4.584,33.166,0.138
0.0466,223.9,0.144,2.184,32.191,0.068
0.0482,220.8,0.149,4.489,32.868,0.137
0.0481,215.3,0.149,5.747,31.977,0.18
0.0464,223.6,0.143,3.24,32.02,0.101
0.0459,215.4,0.142,6.333,30.496,0.208
0.0492,214.5,0.152,6.089,32.576,0.187
0.0455,223,0.14,3.412,31.315,0.109
0.0457,220.5,0.141,4.415,31.089,0.142
0.0478,212.8,0.148,7.814,31.404,0.249
0.0488,217.8,0.151,4.748,32.805,0.145
0.0477,216.6,0.147,5.786,31.859,0.182
0.049,213.3,0.151,6.347,32.227,0.197
0.0472,220.2,0.146,4.728,32.054,0.148
0.0517,220.6,0.16,1.792,35.237,0.051
0.0472,213.2,0.146,6.551,31.063,0.211
0.0481,211.9,0.148,6.135,31.465,0.195
0.0506,215.2,0.156,4.95,33.578,0.147
0.0456,215,0.141,5.593,30.281,0.185
0.0465,222,0.143,2.465,31.829,0.077
0.0505,210.6,0.156,6.205,32.847,0.189
0.0467,219.3,0.144,3.56,31.608,0.113
0.0467,214.6,0.144,5.91,30.936,0.191
0.048,218.7,0.148,3.589,32.397,0.111
0.0454,219.8,0.14,4.391,30.833,0.142
0.0485,218.2,0.15,5.439,32.68,0.166
0.0468,220.6,0.144,2.605,31.847,0.082
0.0488,212.3,0.151,7.443,32.011,0.233
0.0474,222.9,0.146,2.666,32.605,0.082
0.0463,214.7,0.143,5.637,30.65,0.184
0.0492,211,0.152,6.459,32.018,0.202
0.0466,220.7,0.144,3.474,31.752,0.109
0.05,219.2,0.154,3.236,33.802,0.096
0.0502,212.7,0.155,6.14,32.932,0.186
0.0482,219,0.149,3.435,32.582,0.105
0.0462,218.4,0.143,4.863,31.156,0.156
0.0486,214.6,0.15,5.662,32.18,0.176
0.0475,217.6,0.146,4.632,31.88,0.145
0.0465,217.4,0.144,5.133,31.21,0.164
0.0485,215.2,0.15,5.579,32.215,0.173
0.045,221.2,0.139,3.986,30.695,0.13
0.0474,214.4,0.146,6.091,31.39,0.194
0.0465,221,0.144,2.872,31.733,0.091
0.0451,219.8,0.139,4.007,30.596,0.131
0.0469,212.9,0.145,6.958,30.801,0.226
0.0475,218.1,0.147,4.14,31.95,0.13
0.0454,220.8,0.14,3.586,30.931,0.116
0.0477,217.9,0.147,4.289,32.103,0.134
0.0502,215.3,0.155,5.141,33.369,0.154
0.048,223.6,0.148,1.582,33.133,0.048
0.0499,216,0.154,5.923,33.251,0.178
0.0469,220.6,0.145,3.698,31.95,0.116
0.0463,219.2,0.143,5.324,31.335,0.17
0.0475,219.4,0.147,4.352,32.181,0.135
0.0467,216.9,0.144,5.703,31.258,0.182
0.0506,217.9,0.156,4.998,34.036,0.147
0.046,221.2,0.142,4.155,31.403,0.132
0.0498,212.8,0.154,6.297,32.69,0.193
0.0445,223.3,0.137,3.616,30.675,0.118
0.0468,215.6,0.144,6.247,31.114,0.201
0.0483,217.8,0.149,6.747,32.445,0.208
0.0458,222.5,0.141,4.007,31.473,0.127
0.0489,213.4,0.151,6.676,32.213,0.207
0.0473,219.3,0.146,4.248,32.017,0.133
0.0485,215,0.15,6.882,32.215,0.214
0.0503,215.5,0.155,6.153,33.469,0.184
0.0489,222.6,0.151,3.01,33.582,0.09
0.0462,216,0.143,5.892,30.826,0.191
0.0493,214.1,0.152,6.506,32.588,0.2
0.0462,221,0.143,3.564,31.545,0.113
0.045,216.2,0.139,5.601,30.058,0.186
0.0481,217.4,0.149,4.743,32.304,0.147
0.0455,222.1,0.14,3.271,31.208,0.105
0.0498,217.7,0.154,5.215,33.441,0.156
0.0454,222,0.14,3.439,31.145,0.11
0.0483,216.6,0.149,5.574,32.261,0.173
0.0447,219.3,0.138,5.138,30.275,0.17
0.0485,216.1,0.15,5.855,32.352,0.181
0.0466,221.3,0.144,3.107,31.808,0.098
0.0477,219.3,0.147,4.216,32.261,0.131
0.0486,214.4,0.15,6.767,32.154,0.21
0.0476,218.6,0.147,3.62,32.14,0.113
0.0506,222.3,0.156,2.632,34.714,0.076
0.0501,214.6,0.154,5.33,33.154,0.161
0.0464,221.7,0.143,3.07,31.782,0.097
0.0501,213.7,0.155,5.947,33.083,0.18
0.0472,220.7,0.146,3.722,32.152,0.116
0.0448,225,0.138,4.154,31.098,0.134
0.0475,210,0.147,7.031,30.785,0.228
0.0504,222.3,0.155,1.74,34.543,0.05
0.045,218.6,0.139,4.378,30.363,0.144
0.0483,214.8,0.149,5.477,32.009,0.171
0.0482,221.9,0.149,4.352,32.976,0.132
0.0482,217.3,0.149,4.748,32.356,0.147
0.0513,223.4,0.158,3.002,35.387,0.085
0.0467,216.9,0.144,5.696,31.285,0.182
0.0495,220.4,0.153,4.605,33.69,0.137
0.0464,216.5,0.143,5.582,31.035,0.18
0.047,221.4,0.145,3.202,32.124,0.1
0.0464,217.8,0.143,4.716,31.168,0.151
0.0491,215.5,0.152,4.776,32.696,0.146
0.0445,223.7,0.137,2.706,30.744,0.088
0.0486,214.9,0.15,5.533,32.25,0.172
0.0475,227.2,0.147,4.069,33.295,0.122
0.0468,221.6,0.145,6.259,32.033,0.195
0.05,219.8,0.154,4.025,33.895,0.119
0.0464,229,0.143,3.275,32.807,0.1
0.0457,219.5,0.141,5.537,30.986,0.179
0.0495,214.8,0.153,5.891,32.791,0.18
0.048,217.8,0.148,4.738,32.233,0.147
0.047,226.8,0.145,3.911,32.903,0.119
0.0493,215.9,0.152,4.687,32.868,0.143
0.0489,219.4,0.151,3.557,33.093,0.107
0.0461,214.3,0.142,6.133,30.474,0.201
0.0484,218.1,0.149,5.277,32.587,0.162
0.0467,222.6,0.144,5.62,32.09,0.175
0.0497,219.8,0.153,6.275,33.721,0.186
0.0465,227.9,0.143,3.669,32.689,0.112
0.0476,222.3,0.147,5.986,32.662,0.183
0.0486,225.9,0.15,2.582,33.861,0.076
0.0465,227.3,0.144,5.247,32.635,0.161
0.0478,223.7,0.147,5.153,32.968,0.156
0.0463,229,0.143,3.745,32.725,0.114
0.0483,223.2,0.149,5.503,33.242,0.166
0.051,212.6,0.157,5.553,33.487,0.166
0.0473,222.4,0.146,3.134,32.491,0.096
0.0453,218.6,0.14,5.133,30.551,0.168
0.0487,224.9,0.15,6.29,33.84,0.186
0.0462,221.9,0.143,2.889,31.624,0.091
0.0461,219,0.142,4.133,31.164,0.133
0.049,214.2,0.151,5.004,32.425,0.154
0.0458,221.5,0.141,2.706,31.321,0.086
0.0476,213.3,0.147,6.987,31.337,0.223
0.0487,217.5,0.15,4.097,32.712,0.125
0.0483,215.7,0.149,5.359,32.131,0.167
0.0473,219.6,0.146,4.008,32.038,0.125
0.0457,219.6,0.141,4.833,31.006,0.156
0.0482,213.9,0.149,6.437,31.788,0.203
0.0451,222.2,0.139,3.879,30.951,0.125
0.0486,216.1,0.15,6.207,32.399,0.192
0.0478,219.9,0.148,3.923,32.449,0.121
0.0463,221.1,0.143,3.785,31.582,0.12
0.0476,215.2,0.147,7.037,31.626,0.223
0.0481,218.3,0.149,4.216,32.421,0.13
0.0462,218.7,0.142,5.34,31.147,0.171
0.0484,217.8,0.149,5.261,32.536,0.162
0.0474,222.6,0.146,3.201,32.584,0.098
0.0536,216.5,0.166,3.587,35.843,0.1
0.0472,223.5,0.146,3.437,32.556,0.106
0.047,216.3,0.145,6.103,31.403,0.194
0.0467,220,0.144,4.345,31.719,0.137
0.0476,215.4,0.147,6.719,31.627,0.212
0.0461,223.3,0.142,3.057,31.797,0.096
0.0477,216.5,0.147,5.736,31.874,0.18
0.0457,218.6,0.141,5.356,30.815,0.174
0.0467,221.8,0.144,3.381,31.971,0.106
0.0488,214.4,0.151,6.036,32.294,0.187
0.0454,221.9,0.14,3.517,31.12,0.113
0.0487,216.3,0.15,5.222,32.54,0.16
0.0449,221,0.138,3.841,30.596,0.126
0.0469,215.4,0.145,6.409,31.164,0.206
0.0451,222,0.139,3.45,30.898,0.112
0.0484,216.8,0.149,5.389,32.392,0.166
0.0456,218.3,0.141,4.966,30.731,0.162
0.0455,223,0.14,2.946,31.324,0.094
0.0483,214.2,0.149,5.96,31.895,0.187
0.0509,214.8,0.157,5.132,33.75,0.152
0.0457,220.6,0.141,2.677,31.128,0.086
0.0463,211.9,0.143,7.123,30.292,0.235
0.047,221.3,0.145,3.695,32.075,0.115
0.0479,213,0.148,5.832,31.48,0.185
0.0488,226,0.151,0.844,34.071,0.025
0.0518,219.8,0.16,3.689,35.171,0.105
0.0485,217.2,0.15,5.889,32.516,0.181
0.0461,220.7,0.142,3.556,31.383,0.113
0.0483,214.7,0.149,6.557,31.986,0.205
0.047,221.5,0.145,5.86,32.124,0.182
0.049,220.6,0.151,3.365,33.37,0.101
0.0455,223.3,0.141,2.5,31.393,0.08
0.0474,215.8,0.146,6.358,31.591,0.201
0.0477,216.2,0.147,5.97,31.796,0.188
0.0458,219.1,0.141,5.766,31.002,0.186
0.0444,223.6,0.137,3.974,30.607,0.13
0.0474,223,0.146,3.754,32.664,0.115
0.0471,215.2,0.145,6.239,31.268,0.2
0.0449,223.3,0.139,3.654,30.936,0.118
0.0482,217.7,0.149,5.466,32.386,0.169
0.0478,214.3,0.147,7.66,31.597,0.242
0.0431,223.3,0.133,2.837,29.739,0.095
0.0481,217.7,0.149,5.475,32.337,0.169
0.0455,223.4,0.141,3.854,31.398,0.123
0.0501,217.5,0.155,5.593,33.652,0.166
0.0476,221.6,0.147,4.073,32.587,0.125
0.0473,219.2,0.146,6.319,31.983,0.198
0.0467,220.5,0.144,5.381,31.809,0.169
0.0494,219.5,0.152,4.624,33.448,0.138
0.0489,214,0.151,6.646,32.31,0.206
0.0457,223.5,0.141,3.75,31.491,0.119
0.0502,217.2,0.155,5.245,33.625,0.156
0.0457,221.3,0.141,5.159,31.189,0.165
0.0481,218.6,0.148,5.426,32.429,0.167
0.0446,222.4,0.138,4.919,30.628,0.161
0.0461,221.4,0.142,4.697,31.541,0.149
0.0501,220.5,0.155,4.09,34.097,0.12
0.0435,222.2,0.134,5.421,29.842,0.182
0.046,224.2,0.142,3.899,31.864,0.122
0.0488,219.6,0.151,5.923,33.102,0.179
0.0476,214.2,0.147,7.374,31.465,0.234
0.045,224.3,0.139,4.318,31.175,0.139
0.0468,217,0.145,5.849,31.383,0.186
0.0467,224.1,0.144,4.882,32.282,0.151
0.0451,217.3,0.139,5.352,30.217,0.177
0.0451,223,0.139,4.412,31.031,0.142
0.0487,216,0.15,5.685,32.487,0.175
0.0473,215.4,0.146,7.709,31.434,0.245
0.0451,223.4,0.139,4.589,31.092,0.148
0.0486,226.4,0.15,1.113,33.919,0.033
0.0474,218,0.146,6.322,31.905,0.198
0.0463,224.5,0.143,3.727,32.11,0.116
0.0479,219.3,0.148,5.741,32.453,0.177
0.0478,215.7,0.147,6.451,31.809,0.203
0.0454,226.4,0.14,3.792,31.711,0.12
0.0481,214.8,0.148,6.141,31.894,0.193
0.0449,222.7,0.139,4.561,30.877,0.148
0.0485,218.7,0.15,5.608,32.717,0.171
0.047,219.6,0.145,5.752,31.831,0.181
0.0471,223.7,0.145,3.633,32.512,0.112
0.0468,214.6,0.145,7.195,31.019,0.232
0.0452,223.3,0.14,3.032,31.159,0.097
0.0489,223.6,0.151,2.719,33.775,0.081
0.0463,224.2,0.143,3.821,32.057,0.119
0.047,218.6,0.145,5.52,31.705,0.174
0.0448,224.7,0.138,4.422,31.092,0.142
0.0473,222.6,0.146,4.087,32.48,0.126
0.0455,222.5,0.14,4.632,31.231,0.148
0.0461,223.1,0.142,3.971,31.705,0.125
0.0472,219.7,0.146,5.302,32.002,0.166
0.0475,221.2,0.147,5.473,32.449,0.169
0.0454,223.4,0.14,5.288,31.292,0.169
0.0489,222.3,0.151,4.868,33.544,0.145
0.0468,219.7,0.145,5.996,31.763,0.189
0.0449,225.6,0.139,3.759,31.283,0.12
0.0487,219.4,0.15,5.926,32.959,0.18
0.044,228.4,0.136,3.934,30.999,0.127
0.05,217,0.154,6.581,33.471,0.197
0.048,218.6,0.148,5.501,32.408,0.17
0.0454,219.5,0.14,6.191,30.78,0.201
0.0441,223.4,0.136,4.804,30.427,0.158
0.0481,224.5,0.148,5.283,33.31,0.159
0.0481,218.6,0.149,5.724,32.472,0.176
0.0452,227.2,0.139,4.822,31.681,0.152
0.0469,219.1,0.145,5.909,31.754,0.186
0.0477,220.8,0.147,5.803,32.477,0.179
0.0468,215.8,0.145,6.761,31.188,0.217
0.0465,217.6,0.143,6.464,31.194,0.207
0.0462,224.6,0.143,4.252,32.01,0.133
0.0481,223.4,0.148,4.834,33.174,0.146