Irms,Irms_voltage,P,Q,Ipeak,CF,max_di_dt,H85,H100,H150,H170,H250,H350
0.099,0.02965,0.08,22.37,0.261,2.65,1495,0.54418,0.395137,0.18867,0.213267,0.581862,0.220387
0.092,0.027592,3,20.46,0.241,2.633,1295.7,0.204001,0.356383,0.373243,0.470055,0.099348,0.138273
0.096,0.028891,1.1,22.65,0.234,2.439,1262.5,0.211257,0.13927,0.254779,0.777058,0.346198,0.231575
0.099,0.029735,0.69,21.1,0.252,2.553,1727.6,0.718354,0.380176,0.743744,0.744859,0.369746,0.198111
0.099,0.029672,3.08,21.97,0.259,2.627,1428.6,0.281586,0.305272,0.264232,0.189968,0.262702,0.088033
0.107,0.032271,1.39,24.52,0.279,2.6,3089.7,0.601804,0.651133,0.549919,0.573645,0.358933,0.061058
0.093,0.028063,1.81,21.06,0.262,2.815,1627.9,0.487908,0.28595,0.634463,0.351944,0.176494,0.194644
0.101,0.0305,1.53,23.98,0.239,2.363,2691,0.226997,0.356199,0.120143,0.400488,0.121005,0.072575
0.102,0.030653,4.15,22.59,0.254,2.493,2126.2,0.561909,0.334785,0.361618,0.435355,0.220172,0.095779
0.09,0.027131,4.42,19.7,0.204,2.267,1794,0.188078,0.21948,0.307848,0.288718,0.119581,0.083698
0.107,0.032142,0.21,23.82,0.288,2.699,1627.9,0.134544,0.264514,0.434335,0.518975,0.290236,0.242588
0.093,0.028049,0.96,21.05,0.203,2.176,1196,0.10725,0.386319,0.198236,0.154083,0.104603,0.052853
0.107,0.032272,0.9,24.26,0.267,2.487,1794,0.426822,0.109085,0.368664,0.237174,0.124369,0.082771
0.09,0.027105,0.72,19.54,0.226,2.511,1528.2,0.255276,0.228702,0.310309,0.246559,0.060164,0.106355
0.091,0.027397,0.82,19.98,0.227,2.499,1495,0.182012,0.179662,0.106124,0.142269,0.041957,0.08154
0.122,0.036733,0.65,24.45,0.312,2.561,2491.7,0.357074,0.499322,0.20082,0.255316,0.235717,0.190474
0.101,0.030298,1.1,21.91,0.232,2.304,1395.4,0.367909,0.481697,0.198287,0.540544,0.165353,0.077101
0.099,0.029867,0.01,22.06,0.211,2.13,1295.7,0.310917,0.334845,0.235469,0.302232,0.126342,0.158994
0.093,0.027997,0.14,18.74,0.22,2.37,1661.1,0.260348,0.231068,0.369059,0.695509,0.212569,0.173741
0.099,0.029676,0.59,21.86,0.216,2.194,1694.4,0.299615,0.228701,0.430974,0.889692,0.325163,0.323747
0.111,0.033518,5.53,25.46,0.244,2.192,2657.8,0.311237,0.350434,0.315125,0.862302,0.16063,0.269508
0.122,0.036797,4.41,27.52,0.253,2.071,2558.1,0.249035,0.251347,0.157161,0.950399,0.118728,0.316796
0.11,0.032965,0.78,22.25,0.251,2.296,1362.1,0.067304,0.129814,0.281094,1.269757,0.174487,0.371346
0.112,0.033822,0.1,25.66,0.25,2.228,1627.9,0.449515,0.473146,0.312407,1.175234,0.240337,0.522107
0.118,0.035667,6.63,27.76,0.266,2.247,3455.2,0.180537,0.219354,0.290493,1.459878,0.152033,0.465286
0.113,0.034074,0.15,25.46,0.283,2.5,1827.2,0.301639,0.181105,0.279318,0.749984,0.115833,0.189865
0.108,0.032471,0.21,21.56,0.24,2.229,1627.9,0.332902,0.290341,0.494025,0.826804,0.041277,0.258724
0.11,0.033121,0.5,22.9,0.257,2.331,1262.5,0.313151,0.263465,0.550669,0.776161,0.185978,0.22745
0.113,0.033934,6.02,24.94,0.248,2.203,3089.7,0.376489,0.289749,0.38069,0.766863,0.083858,0.2097
0.11,0.033045,0.87,24.56,0.237,2.161,1661.1,0.218199,0.095475,0.234412,1.0224,0.288476,0.339331
0.103,0.030981,0.19,21.55,0.227,2.21,1495,0.494325,0.305908,0.174812,0.787869,0.254462,0.242406
0.103,0.030948,2.12,20.9,0.228,2.213,1395.4,0.141782,0.243884,0.487958,0.851971,0.300269,0.200517
0.109,0.032737,1.36,18.88,0.226,2.08,1528.2,0.724965,0.825511,0.435017,1.684872,0.507795,0.584263
0.106,0.031765,0.32,20.74,0.242,2.294,3056.5,0.537803,0.334246,0.551214,1.23227,0.163952,0.365311
0.111,0.033475,4.89,22.85,0.252,2.264,2757.5,0.29121,0.318979,0.446729,0.582005,0.083649,0.132144
0.104,0.031344,1.2,23.02,0.243,2.335,1495,0.284082,0.162241,0.487891,0.624075,0.085156,0.177058
0.105,0.031588,0.77,23.36,0.268,2.553,1561.5,0.390364,0.183003,0.329381,0.589918,0.227128,0.096899
0.108,0.032508,6.71,24.47,0.228,2.111,1760.8,0.532361,0.61612,0.553432,0.963735,0.272807,0.11045
0.121,0.036534,3.25,26.46,0.315,2.598,3156.1,0.411047,0.365608,0.438878,0.713525,0.265407,0.149378
0.126,0.038056,6.39,27.73,0.335,2.648,3720.9,0.491138,0.566333,0.268551,0.557964,0.443741,0.173791
0.102,0.030817,1.23,23.15,0.28,2.733,2724.3,0.201974,0.126303,0.23018,0.572114,0.172452,0.117206
0.106,0.031891,2.25,23.8,0.258,2.435,1328.9,0.053554,0.244949,0.528983,0.712312,0.182714,0.09092
0.106,0.031878,0.25,22.42,0.271,2.562,1561.5,0.209033,0.135649,0.613474,0.88679,0.197736,0.236177
0.107,0.03235,0.42,21.66,0.256,2.379,1362.1,0.471963,0.32616,0.435125,1.587614,0.115582,0.454718
0.107,0.032072,0.16,23.5,0.253,2.376,1594.7,0.522184,0.433926,0.670839,0.779325,0.177089,0.211806
0.116,0.034955,6.26,27.55,0.25,2.153,3122.9,0.316483,0.339239,0.767147,0.842785,0.306115,0.162306
0.113,0.034063,3.53,24.5,0.242,2.135,2823.9,0.579508,0.356852,0.123429,0.242477,0.097307,0.03519
0.128,0.038504,2.12,24.85,0.359,2.807,1993.4,0.55674,0.340627,0.225041,0.767936,0.088592,0.26217
0.13,0.039205,2.92,27.21,0.306,2.353,3023.3,0.173544,0.332688,0.458,0.510846,0.134211,0.221227
0.104,0.03127,0.37,23.17,0.23,2.217,1561.5,0.515814,0.404853,0.511617,0.682875,0.10891,0.339202
0.121,0.036469,3.19,26.01,0.295,2.438,3621.3,0.508125,0.455229,0.811331,0.840625,0.361033,0.16667
0.103,0.031086,6.43,21.43,0.275,2.665,3089.7,0.499111,0.367421,0.351346,0.527971,0.182246,0.252602
0.127,0.03821,3.6,26.56,0.332,2.616,2259.1,0.431972,0.311365,0.312447,0.542503,0.124564,0.168984
0.13,0.03911,1.95,26.72,0.362,2.788,2259.1,0.370326,0.294152,0.28745,0.456584,0.228069,0.085364
0.115,0.034758,5.06,24.06,0.26,2.248,2857.1,0.799195,0.799695,0.916049,1.389897,0.386652,0.324394
0.098,0.029359,0.4,21.09,0.241,2.467,1495,0.292265,0.311089,0.534048,0.459877,0.177459,0.206356
0.109,0.032833,1.43,23.73,0.241,2.209,1362.1,0.337338,0.21722,0.438971,0.271365,0.275751,0.113418
0.117,0.035363,4.46,24.44,0.318,2.703,2192.7,0.369614,0.355926,0.323639,0.704719,0.085865,0.255375
0.103,0.0309,1.06,21.41,0.26,2.529,1627.9,0.074399,0.171124,0.055003,0.185327,0.125375,0.080272
0.122,0.036788,5.02,27.33,0.315,2.574,2724.3,0.464935,0.337842,0.779397,1.026066,0.247853,0.257342
0.108,0.032649,1.54,25.51,0.259,2.392,2790.7,0.250128,0.133177,0.504729,0.887196,0.185417,0.188395
0.105,0.031546,0.09,23.47,0.245,2.337,1594.7,0.263255,0.289692,0.621112,0.948391,0.209276,0.164914
0.109,0.032819,0.77,24.27,0.264,2.424,1461.8,0.306117,0.064584,0.483587,0.701121,0.110325,0.232218
0.104,0.031206,1.21,21.42,0.264,2.543,1461.8,0.362906,0.365821,0.303533,0.487095,0.06225,0.161226
0.128,0.038393,1.48,27.8,0.316,2.477,2159.5,0.377207,0.169714,0.423621,0.460829,0.171252,0.120782
0.127,0.038126,5.71,27.8,0.279,2.202,2491.7,0.301725,0.509274,0.43947,0.841724,0.307838,0.249356
0.105,0.031536,1.79,22.29,0.251,2.398,2956.8,0.487803,0.240969,0.424598,0.700006,0.099164,0.177355
0.112,0.033821,7.15,24.6,0.266,2.371,1893.7,0.376425,0.17467,0.237955,0.593762,0.152754,0.14996
0.127,0.038108,1.67,26.81,0.306,2.421,2292.4,0.402564,0.304074,0.172051,0.163983,0.385819,0.165174
0.106,0.031985,0.69,21.44,0.255,2.398,1395.4,0.36316,0.110802,0.451526,0.471987,0.144957,0.053099
0.106,0.031834,2.07,24.1,0.264,2.496,1262.5,0.497069,0.293922,0.309365,0.605916,0.211201,0.133674
0.124,0.037272,3.96,29.41,0.34,2.744,3189.4,0.307307,0.291308,0.855294,0.690842,0.175702,0.421035
0.099,0.029719,1.63,20.45,0.224,2.271,1495,0.294864,0.319894,0.133647,0.193211,0.165473,0.037206
0.106,0.032048,0.84,22.97,0.233,2.191,1893.7,0.336835,0.32394,0.292831,0.313124,0.220277,0.15735
0.13,0.039136,0.33,28.8,0.337,2.591,3056.5,0.161082,0.204445,0.073972,0.193052,0.242098,0.072007
0.104,0.03133,0.03,22.38,0.242,2.325,1827.2,0.411174,0.470453,0.530452,0.312216,0.387799,0.206228
0.102,0.030629,0.84,21.9,0.238,2.337,1727.6,0.572574,0.499315,0.640338,0.758596,0.23428,0.344155
0.109,0.032664,1.69,23.71,0.252,2.325,3421.9,0.396902,0.06668,0.51606,0.327576,0.148426,0.089846
0.108,0.032547,1.73,23.76,0.231,2.14,2823.9,0.194005,0.265345,0.752727,0.473306,0.28468,0.278673
0.098,0.029523,2.83,20.96,0.233,2.377,1561.5,0.367853,0.313825,0.27892,0.362146,0.061109,0.094953
0.121,0.036418,6.64,23.61,0.295,2.439,1528.2,0.109013,0.026413,0.191248,0.136855,0.20829,0.090739
0.105,0.031469,1.21,23.07,0.232,2.22,1594.7,0.310625,0.183111,0.51865,0.656526,0.183726,0.050356
0.101,0.030342,1.24,23.04,0.236,2.34,1328.9,0.346331,0.100746,0.167656,0.541766,0.061581,0.086649
0.1,0.03005,2.06,22.23,0.233,2.333,1727.6,0.377017,0.451744,0.34204,0.430577,0.189796,0.152981
0.123,0.037036,3.66,25.41,0.331,2.69,3089.7,0.214625,0.261587,0.26783,0.868344,0.13763,0.344001
0.119,0.0359,6.25,23.49,0.28,2.347,2923.6,0.262886,0.269242,0.476233,0.743392,0.164444,0.227289
0.097,0.029096,1.6,21.96,0.227,2.346,1760.8,0.404883,0.059875,0.570392,0.833553,0.139777,0.19946
0.106,0.031865,1.93,23.57,0.267,2.52,1461.8,0.470244,0.283626,0.104145,0.106619,0.191149,0.063089
0.103,0.030949,3.56,24.31,0.293,2.849,2524.9,1.037347,0.30175,0.620611,0.800004,0.538863,0.421978
0.115,0.034694,3.82,25.15,0.286,2.485,3488.4,0.354151,0.269948,0.342762,0.30437,0.212531,0.117951
0.103,0.030937,0.16,23.23,0.233,2.272,1860.5,0.14049,0.179019,0.542339,0.445022,0.275691,0.140554
0.106,0.03186,0.52,23.87,0.267,2.518,1627.9,0.229371,0.157822,0.509351,0.900166,0.203703,0.211028
0.104,0.0314,0.83,22.64,0.233,2.23,1495,0.15784,0.173576,0.570832,0.933957,0.233018,0.183545
0.1,0.03018,0.17,21.34,0.217,2.167,1328.9,0.364518,0.376478,0.281596,0.442539,0.166742,0.184135
0.121,0.036299,4.78,26.05,0.299,2.482,1661.1,0.162894,0.361138,0.09727,0.259077,0.228992,0.042556
0.12,0.0362,4.07,26.2,0.261,2.171,2491.7,0.397768,0.311914,0.196465,0.254812,0.095611,0.042875
0.106,0.032027,4.94,23.76,0.262,2.459,2524.9,0.881007,0.405573,0.640156,0.702924,0.479089,0.26192
0.124,0.037367,9.9,25.36,0.34,2.741,1993.4,0.376327,0.205538,0.3054,0.36778,0.078144,0.148558
0.108,0.032476,0.13,22.28,0.279,2.582,3388.7,0.71749,0.499645,1.461871,0.817827,0.642479,0.473929
0.119,0.0359,4.85,27.5,0.263,2.208,2558.1,0.541107,0.388819,0.36665,0.324442,0.357562,0.183392
0.122,0.036841,7.48,24.94,0.317,2.587,3023.3,0.237057,0.201949,0.301482,1.21865,0.148283,0.427852
0.116,0.034976,0.27,25.52,0.254,2.189,2059.8,0.396667,0.388484,0.273503,1.121977,0.291004,0.312256
0.128,0.038621,1.92,25.31,0.293,2.282,3222.6,0.175365,0.363122,0.540611,0.709509,0.167742,0.112383
0.11,0.033166,0.98,22.68,0.245,2.22,1926.9,0.561948,0.435477,0.358489,1.207559,0.244418,0.614361
0.115,0.034542,0.52,23.38,0.258,2.247,2724.3,0.431414,0.236868,0.465053,0.440566,0.230666,0.223049
0.13,0.03901,4.57,28.47,0.318,2.455,2026.6,0.280644,0.164571,0.606434,0.360335,0.390712,0.290588
0.109,0.032717,0.11,22.42,0.233,2.145,2225.9,0.231731,0.207314,0.868949,0.835872,0.254057,0.405694
0.114,0.03425,2.21,25.75,0.23,2.026,1528.2,0.148061,0.159576,0.253061,1.494152,0.082855,0.446226
0.114,0.034225,2.14,23.67,0.267,2.349,1561.5,0.393426,0.196349,0.476132,0.776561,0.19526,0.12227
0.119,0.035882,1.08,27.55,0.259,2.169,2126.2,0.221981,0.176872,0.551313,1.03408,0.091453,0.286184
0.11,0.033053,0.23,21.66,0.236,2.151,1694.4,0.294514,0.224892,0.369734,0.829298,0.161732,0.330449
0.119,0.035743,6.27,26.16,0.317,2.668,1926.9,0.488999,0.660606,0.885949,0.853122,0.192171,0.226027
0.13,0.039198,9.43,27.78,0.28,2.152,3621.3,0.45904,0.435198,0.351017,1.044267,0.384463,0.172912
0.11,0.033166,2.37,24.88,0.286,2.598,1727.6,0.22394,0.236991,0.165882,0.243464,0.224412,0.086196
0.111,0.033467,0.55,25.32,0.244,2.193,2126.3,0.569584,1.028254,1.052413,0.885554,0.278711,0.406262
0.116,0.034932,5.94,26.26,0.279,2.4,2059.8,0.532271,0.295288,0.434894,0.465024,0.363571,0.097627
0.114,0.034258,2.71,26.43,0.239,2.096,1960.1,0.238776,0.33967,0.696367,1.073662,0.21813,0.247708
0.127,0.038221,6.64,29.92,0.284,2.234,2325.6,0.66691,0.728365,0.735262,1.174174,0.389611,0.178253
0.124,0.037307,9.75,29.06,0.294,2.37,3023.3,0.311401,0.412586,0.398716,0.92457,0.115722,0.163133
0.126,0.037851,7.24,25.82,0.296,2.353,2192.7,0.261682,0.141182,0.379697,0.554176,0.086868,0.115127
0.109,0.032747,0.27,25.73,0.25,2.298,1627.9,0.242779,0.339605,0.450235,0.635511,0.092665,0.191459
0.121,0.036284,1.74,26.02,0.333,2.761,1860.5,0.292689,0.284339,0.554547,0.414265,0.242397,0.331551
0.123,0.036936,8.29,27.56,0.349,2.844,4019.9,0.689009,0.377618,0.762243,0.449274,0.264583,0.300124
0.111,0.033441,2.04,23.38,0.262,2.355,2026.6,0.268653,0.319046,1.079211,1.361574,0.15892,0.361052
0.123,0.037121,1.61,27.61,0.271,2.2,1893.7,0.299762,0.267496,0.336466,1.164717,0.103335,0.452782
0.111,0.033534,1.44,25.1,0.27,2.423,1926.9,0.363429,0.227714,0.669179,0.456391,0.293796,0.178306
0.114,0.034198,1.46,26.23,0.265,2.337,1794,0.487762,0.558548,0.211014,0.685225,0.206069,0.187109
0.128,0.038477,7,29.77,0.298,2.33,3056.5,0.365528,0.323915,0.305663,1.024928,0.413113,0.229031
0.121,0.036566,9.61,28.36,0.317,2.612,2259.1,0.765682,0.697063,1.675544,1.455571,0.657022,0.555612
0.118,0.035501,0.84,27.63,0.278,2.361,3355.5,0.164322,0.215514,0.407489,1.311548,0.162332,0.412587
0.115,0.034507,0.34,24.8,0.26,2.271,1794,0.515168,0.381377,0.393609,0.163434,0.209668,0.072074
0.109,0.032708,2.47,25.36,0.288,2.654,1893.7,0.29074,0.294056,0.906576,0.692907,0.112638,0.332886
0.113,0.034137,0.63,26.33,0.284,2.508,1627.9,0.288541,0.277386,0.339849,1.502514,0.085362,0.507073
0.112,0.033777,1.51,25.03,0.27,2.409,1794,0.229588,0.31179,0.512363,1.28874,0.088825,0.336276
0.111,0.033509,0.98,25.01,0.266,2.393,1694.3,0.695304,0.533988,0.877622,2.103112,0.44394,0.82904
0.124,0.037271,5.15,27.99,0.266,2.147,2159.5,0.17154,0.153942,0.251767,1.473461,0.164628,0.507125
0.114,0.034351,1.12,22.33,0.253,2.216,1594.7,0.327843,0.37676,0.545388,0.425556,0.349852,0.175499
0.116,0.035053,0.94,24.03,0.259,2.226,1594.7,0.270537,0.2862,0.455864,0.620929,0.131366,0.189954
0.128,0.038482,5.07,27.5,0.329,2.57,3421.9,0.17189,0.245816,0.702634,0.964705,0.102098,0.173413
0.114,0.034367,2.42,25.58,0.26,2.273,2192.7,0.500606,0.509191,0.618139,0.633839,0.19982,0.242816
0.107,0.032092,5.41,21.95,0.261,2.45,3056.5,0.482883,0.392728,0.235817,0.990158,0.246083,0.303161
0.111,0.033428,0.47,25.29,0.279,2.51,1495,0.247153,0.063686,0.72183,0.817339,0.15505,0.433209
0.129,0.038805,4.35,29.29,0.327,2.536,3455.2,0.23893,0.203717,0.362567,1.188716,0.119378,0.441155
0.113,0.033871,0.53,25.65,0.245,2.18,1395.4,0.259396,0.145246,0.247547,1.122434,0.170058,0.411938
0.112,0.033577,0.32,25.49,0.253,2.266,1760.8,0.655272,0.503635,0.417823,0.878153,0.294125,0.211264
0.118,0.035495,7.49,25.64,0.272,2.309,2126.2,0.227213,0.325955,0.273738,1.220589,0.094994,0.406593
0.114,0.034271,1.36,25.88,0.274,2.405,1561.5,0.308302,0.305227,0.626563,0.492308,0.264674,0.278856
0.125,0.037483,4.09,27.53,0.284,2.28,3621.3,0.285877,0.232261,0.290703,0.975978,0.210431,0.232679
0.112,0.033752,1.24,21.02,0.253,2.259,1561.5,0.408932,0.356778,0.673869,0.186487,0.124816,0.251578
0.11,0.033208,1.74,21.54,0.253,2.294,1694.3,0.194393,0.140539,0.655544,0.897714,0.261226,0.292776
0.107,0.032302,1.39,25.04,0.262,2.445,1495,0.603935,0.321904,0.340023,0.997175,0.098688,0.292815
0.124,0.037273,2.74,26.53,0.264,2.135,1594.7,0.44629,0.306794,0.484397,0.431308,0.203343,0.152507
0.114,0.03435,1.35,25.61,0.247,2.162,2624.6,0.192397,0.331881,0.201202,0.472729,0.108038,0.045568
0.115,0.034702,1.38,26.51,0.265,2.297,1561.5,0.255252,0.224721,0.279434,1.371265,0.15323,0.481994
0.113,0.033951,9.63,25.36,0.28,2.483,1960.1,0.122591,0.179268,0.545019,1.063726,0.159023,0.250619
0.117,0.035335,1.59,26.43,0.26,2.213,1727.6,0.385063,0.326686,0.81145,1.562914,0.369519,0.552937
0.121,0.03644,1.8,28.06,0.259,2.142,3488.4,0.39332,0.272442,0.452888,0.59892,0.270882,0.237543
0.13,0.039007,7.27,28.83,0.324,2.503,3023.3,0.151924,0.228987,0.716496,1.045047,0.226338,0.241752
0.116,0.034902,1.25,26.67,0.244,2.106,1594.7,0.194659,0.423363,0.585345,0.649283,0.167806,0.192359
0.113,0.033933,0.26,26,0.24,2.131,1627.9,0.526523,0.438791,0.419464,0.581521,0.230022,0.270993
0.109,0.032894,2.85,25.23,0.256,2.339,1528.2,0.274577,0.343915,0.715406,0.96051,0.091871,0.223424
0.125,0.037566,7.7,27.37,0.285,2.287,2558.1,0.330364,0.366995,0.254426,0.928157,0.150722,0.452724
0.111,0.03355,3.13,26.52,0.254,2.275,3455.2,0.270769,0.37936,0.188847,0.78686,0.050879,0.267623
0.097,0.029337,0.36,22.39,0.234,2.399,2093,0.445816,0.527172,0.458638,1.043438,0.09226,0.345617
0.122,0.03679,3.04,24.28,0.261,2.137,2624.6,0.340052,0.357914,0.586224,0.785832,0.391386,0.206917
0.114,0.034213,6.7,26.27,0.346,3.041,2657.8,0.10862,0.187856,0.565427,0.798798,0.22681,0.228913
0.115,0.034601,2.1,24.57,0.244,2.125,1727.6,0.319909,0.058373,0.714185,0.470556,0.183109,0.198079
0.108,0.032411,2.24,23.1,0.274,2.544,1362.1,0.261671,0.178698,0.274256,1.298529,0.144875,0.447582
0.112,0.033784,0.85,25.18,0.283,2.523,1262.5,0.396502,0.630144,0.555217,0.847072,0.24197,0.230804
0.112,0.033779,3.92,26.37,0.272,2.424,2890.4,0.425222,0.32895,0.467864,0.684017,0.235986,0.264042
0.107,0.032197,2.05,24.28,0.258,2.409,1627.9,0.506382,0.214417,0.465866,0.90263,0.29776,0.302916
0.104,0.031256,2.03,24.09,0.293,2.821,2591.4,0.251776,0.167132,0.611985,0.635132,0.302247,0.296343
0.103,0.030878,1.12,23.86,0.265,2.585,1561.5,0.263452,0.361224,0.719214,1.347643,0.076014,0.318466
0.112,0.033827,2.52,23.25,0.246,2.187,1461.8,0.317514,0.184613,0.638431,0.940647,0.174193,0.222731
0.11,0.03306,3.37,25.42,0.263,2.397,1561.5,0.205965,0.109845,0.206216,1.32168,0.103954,0.418385
0.116,0.034823,1.18,25.14,0.269,2.325,1661.1,0.081679,0.3151,0.413117,0.698169,0.23366,0.214439
0.104,0.031282,1.08,23.98,0.271,2.605,1428.6,0.278752,0.121282,0.340269,0.521721,0.215188,0.081446
0.106,0.031881,0.21,23.39,0.278,2.62,1960.1,0.265085,0.340276,0.365936,0.974469,0.183379,0.333406
0.107,0.032286,1.43,23.84,0.299,2.784,1528.2,0.662745,0.706032,0.386596,0.63202,0.299262,0.131946
0.115,0.034694,3.95,25.9,0.237,2.052,3421.9,0.265952,0.239633,0.78616,0.720447,0.104911,0.391949
0.112,0.033758,0.36,25.98,0.272,2.422,1661.1,0.230352,0.248814,0.379426,1.033555,0.172493,0.398615
0.113,0.03411,0.15,24.9,0.289,2.546,1627.9,0.278948,0.231577,0.33564,0.329623,0.40419,0.140289
0.102,0.030802,1.76,21.32,0.251,2.457,1694.4,0.199206,0.280839,0.740001,0.751564,0.336932,0.154985
0.109,0.032917,2.36,24.23,0.273,2.497,1827.2,0.570523,0.531018,0.938046,1.94435,0.346469,0.246768
0.114,0.034232,5.9,26.11,0.25,2.199,3853.8,0.233808,0.166448,0.632568,0.95668,0.174348,0.507992
0.112,0.033586,0.79,25.89,0.3,2.69,1495,0.365733,0.305693,0.217692,0.190758,0.122986,0.11624
0.127,0.03833,3.99,29.84,0.35,2.751,2591.4,0.379814,0.208704,0.420155,0.677374,0.136298,0.187814
0.109,0.032937,2.14,24.33,0.369,3.369,2192.7,0.152322,0.296998,0.249538,0.499794,0.187519,0.258756
0.104,0.031439,2.16,24.04,0.271,2.59,1561.5,0.230956,0.352066,0.498174,0.508671,0.091239,0.0708
0.105,0.031671,0.02,22.22,0.246,2.341,1561.5,0.453114,0.217091,0.463584,0.589187,0.161151,0.103161
0.124,0.037311,3.51,27.23,0.322,2.601,2823.9,0.119115,0.359191,0.356444,0.469863,0.291365,0.200037
0.125,0.037738,0.25,27.19,0.334,2.665,2259.1,0.394127,0.176847,0.538935,0.728759,0.188474,0.076317
0.104,0.031302,2.17,23.81,0.269,2.591,1727.6,0.213621,0.196829,0.460422,0.449107,0.249698,0.186683
0.113,0.033911,0.68,25.57,0.274,2.431,1594.7,0.207916,0.166095,0.416823,0.464181,0.179827,0.200484
0.112,0.033656,0.29,25.67,0.269,2.407,1694.3,0.370766,0.368663,0.771116,0.615033,0.194902,0.277433
0.117,0.035131,5.82,27.07,0.327,2.803,2857.1,0.315359,0.32337,0.45968,0.651603,0.14866,0.084442
0.127,0.038129,3.66,28.36,0.327,2.578,3754.1,0.243356,0.320137,0.335955,0.639423,0.203126,0.184257
0.128,0.038546,6.38,26.38,0.293,2.291,2259.1,0.458223,0.45527,0.592021,0.740914,0.694765,0.311749
0.103,0.030941,3.07,23.37,0.256,2.494,1561.5,0.362481,0.366089,0.634903,0.956487,0.263817,0.29461
0.119,0.035966,5.15,27.84,0.293,2.452,2591.4,0.345942,0.186133,0.265857,0.355945,0.081866,0.140655
0.13,0.039084,7.76,28.46,0.311,2.396,2126.3,0.439664,0.345321,0.432923,0.241075,0.133313,0.172084
0.105,0.031619,0.32,21.35,0.266,2.535,1428.6,0.289807,0.268918,0.24032,0.278574,0.286608,0.172495
0.108,0.032493,0.46,22.79,0.282,2.612,1362.1,0.442761,0.502915,0.334794,0.756129,0.196215,0.307223
0.118,0.035527,6.49,26.14,0.285,2.415,1860.5,0.284829,0.247544,0.631042,1.094232,0.204854,0.295983
0.109,0.032813,1.92,25.1,0.297,2.723,1960.1,0.250563,0.366726,0.473043,0.322274,0.182968,0.081176
0.111,0.033517,0.98,23.79,0.264,2.369,1661.1,0.191845,0.280688,0.421961,1.099864,0.152015,0.279632
0.108,0.032358,0.32,24.39,0.254,2.366,1694.4,0.52375,0.644773,1.263047,0.579986,0.28766,0.168067
0.107,0.03221,4.68,25.72,0.266,2.484,2392,0.298964,0.19412,0.38285,0.344761,0.248179,0.232645
0.108,0.032379,0.02,21.67,0.238,2.216,1627.9,0.242848,0.172734,0.843019,0.503569,0.206568,0.37147
0.108,0.032404,0.04,22.68,0.28,2.6,1594.7,0.254958,0.213918,0.184208,0.218623,0.169571,0.125163
0.107,0.032341,0.03,23.65,0.281,2.614,1495,0.288566,0.394524,0.606492,0.560348,0.434978,0.126927
0.127,0.038292,2.69,26.01,0.349,2.742,3089.7,0.282076,0.241684,0.641219,1.079373,0.260246,0.230928
0.111,0.033518,0.4,24.16,0.259,2.324,3853.8,0.17753,0.280865,0.73093,0.683895,0.275148,0.23377
0.114,0.034286,0.6,24.4,0.285,2.503,1827.2,0.320798,0.152933,0.238386,1.315884,0.118998,0.500336
0.11,0.032975,1.28,23.59,0.281,2.566,1395.4,0.239545,0.425175,0.513904,0.8978,0.345451,0.355598
0.127,0.038124,2.3,28.98,0.318,2.514,3920.3,0.279153,0.275766,0.110299,0.155214,0.118891,0.037102
0.108,0.032616,0.08,22.72,0.281,2.595,1295.7,0.427421,0.278542,0.382247,0.479175,0.158758,0.204619
0.116,0.034829,4.51,23.57,0.299,2.587,2857.1,0.45123,0.621729,0.733312,0.472938,0.192215,0.097959
0.119,0.035931,2.82,26.53,0.273,2.287,2259.1,0.243144,0.311976,0.408767,0.475127,0.165004,0.077324
0.104,0.031257,1.12,24.15,0.249,2.398,1794,0.305641,0.374462,0.273699,0.517782,0.521593,0.185609
0.126,0.038034,4.16,28.4,0.314,2.482,1794,0.282327,0.183014,0.449607,0.426937,0.155444,0.067628
0.112,0.033768,0.24,26.02,0.258,2.297,1727.6,0.307363,0.258665,0.301942,0.407887,0.064669,0.199062
0.107,0.032275,3.07,23.72,0.264,2.466,2026.6,0.242378,0.251127,0.315278,1.281227,0.141977,0.509804
0.111,0.033299,0.29,23.86,0.274,2.473,1627.9,0.244396,0.254907,0.493462,0.466768,0.412788,0.225184
0.103,0.030969,0.58,22.2,0.269,2.612,1594.7,0.598397,0.624321,0.646968,0.615036,0.426345,0.213719
0.109,0.032722,2.02,24.06,0.294,2.709,2225.9,0.351422,0.146666,0.475694,0.536028,0.119535,0.136559
0.118,0.035467,0.83,26.11,0.286,2.424,1661.1,0.423015,0.525706,0.420171,0.380027,0.241659,0.122177
0.118,0.03539,6.92,28.04,0.316,2.688,2059.8,0.196783,0.215621,0.399315,0.385071,0.116073,0.205614
0.114,0.034434,0.28,24.75,0.284,2.484,2890.4,0.408838,0.36337,0.221576,0.433269,0.386783,0.1782
0.13,0.038997,2.11,29.71,0.348,2.688,2923.6,0.141955,0.208507,0.533607,0.827068,0.13266,0.132442
0.104,0.031371,0.16,23.34,0.25,2.401,1794,0.259168,0.252253,0.415521,0.461745,0.113901,0.107251
0.109,0.032777,0.85,22.96,0.269,2.467,1627.9,0.574081,0.244411,0.629514,1.055174,0.153126,0.39685
0.12,0.036078,8.89,23.76,0.274,2.289,2392,0.387652,0.523353,0.378949,0.69929,0.160767,0.115145
0.122,0.036584,1.66,24.53,0.277,2.28,1661.1,0.340331,0.312401,0.458645,0.708463,0.3298,0.199716
0.112,0.033842,3.96,24.9,0.313,2.785,4318.9,0.150207,0.144767,0.693281,0.444904,0.12422,0.256573
0.109,0.032675,0.76,23.48,0.25,2.306,1926.9,0.387405,0.404405,0.312215,0.373145,0.268177,0.079188
0.11,0.033179,1.54,22.36,0.274,2.489,1528.2,0.286347,0.062305,0.377322,0.404128,0.093185,0.145422
0.106,0.031875,0.17,24.56,0.26,2.452,1760.8,0.605293,0.20814,0.510055,0.46241,0.101622,0.214249
0.108,0.032398,1.24,24.67,0.257,2.388,1627.9,0.138845,0.162874,0.634199,1.122857,0.317992,0.283103
0.113,0.033965,2.76,24.62,0.276,2.444,3056.5,0.166293,0.24543,0.230765,0.422484,0.367547,0.053501
0.112,0.033831,2.3,24.98,0.323,2.872,2757.5,0.230293,0.191052,0.340757,0.632303,0.309966,0.141501
0.106,0.031842,1.43,22.13,0.282,2.662,1794,0.275465,0.281647,0.606496,0.173709,0.299016,0.153303
0.106,0.032049,1.69,23.37,0.247,2.321,2059.8,0.203628,0.452141,0.564874,0.571703,0.287582,0.143806
0.104,0.031155,0.6,24.01,0.261,2.525,1594.7,0.070375,0.356581,0.429848,0.380075,0.273791,0.110702
0.1,0.030174,0.15,23.56,0.275,2.739,1627.9,0.231401,0.26465,0.578433,0.891396,0.45461,0.083426
0.113,0.034045,8.44,23.04,0.292,2.586,3189.4,0.233338,0.238681,0.297493,0.3357,0.093603,0.104383
0.109,0.032664,0.18,25.08,0.253,2.332,1328.9,0.269347,0.583859,0.226063,0.22928,0.204986,0.102383
0.125,0.037587,1.58,25.03,0.32,2.561,3554.8,1.106348,0.67128,1.114733,0.981915,0.29803,0.482968
0.107,0.032115,3.94,25.8,0.274,2.569,1661.1,0.1197,0.234405,0.464994,1.035462,0.100813,0.334526
0.111,0.03329,0.92,22.56,0.29,2.624,1461.8,0.275927,0.312485,0.480162,0.415051,0.085038,0.11644
0.124,0.037346,5.2,27.07,0.345,2.783,3953.5,0.140908,0.263791,0.79426,0.617298,0.189982,0.273083
0.106,0.031957,1.13,22.78,0.247,2.328,1528.2,0.569886,0.475581,0.780026,0.925764,0.233361,0.162237
0.121,0.036554,7.09,26.44,0.269,2.212,2923.6,0.254503,0.209921,0.414107,0.792031,0.139464,0.196355
0.109,0.032836,0.13,24.56,0.266,2.44,1926.9,0.505755,0.215544,0.632124,0.876589,0.088836,0.224679
0.126,0.038,5.02,26.22,0.277,2.197,2757.5,0.580793,0.122356,0.590211,0.305398,0.21952,0.232746
0.123,0.037098,4.13,26.3,0.32,2.595,3089.7,0.38163,0.346195,0.418856,0.813788,0.272074,0.210881
0.112,0.033564,0.57,24.77,0.286,2.563,1561.5,0.54387,0.374818,0.38331,0.640935,0.112537,0.199062
0.108,0.032642,1.45,23.6,0.276,2.544,2126.2,0.202295,0.152899,0.452286,0.854472,0.120192,0.290825
0.107,0.032205,0.33,25.2,0.276,2.581,1694.4,0.208215,0.310036,0.315319,0.482639,0.236249,0.067113
0.106,0.031866,0.12,22.47,0.243,2.298,1528.2,0.339549,0.275084,0.587109,0.545337,0.090528,0.081934
0.104,0.031295,0.32,24.64,0.289,2.781,1727.6,0.641892,0.297528,0.614191,0.683039,0.565627,0.238401
0.112,0.033736,4.48,26.15,0.29,2.588,3289,0.294897,0.341199,0.442663,0.558271,0.056127,0.180409
0.117,0.035242,1.33,24.92,0.292,2.494,2956.8,0.215874,0.176487,0.436616,0.73993,0.127834,0.146379
0.123,0.037079,1.97,26.62,0.293,2.377,3455.2,0.418694,0.351834,0.512161,0.453807,0.21433,0.319111
0.126,0.037832,4.58,26.53,0.301,2.398,2691,0.215942,0.203849,0.149681,0.178458,0.145671,0.092286
0.105,0.031578,1.07,23.86,0.252,2.406,1627.9,0.321426,0.160602,0.560368,0.742269,0.207592,0.238691
0.123,0.036997,5.13,27.86,0.267,2.171,2724.3,0.411017,0.155925,0.618512,0.873669,0.165811,0.142156
0.107,0.032062,0.41,24.38,0.247,2.319,1827.2,1.053184,0.340989,0.770371,1.197198,0.366765,0.403236
0.104,0.031349,0.88,22.66,0.277,2.661,3355.5,0.261663,0.236058,0.5853,0.584725,0.405797,0.125873
0.115,0.034575,0.87,24.77,0.278,2.421,2259.1,0.17993,0.239846,0.468668,0.555187,0.163829,0.189198
0.1,0.030114,2.01,23.6,0.235,2.346,2126.2,0.502478,0.351691,0.51654,0.434625,0.134717,0.182661
0.107,0.032099,1.67,23.58,0.268,2.513,2026.6,0.216114,0.420109,0.31649,0.331921,0.100631,0.117601
0.107,0.032133,0.29,24.26,0.249,2.333,1561.5,0.198568,0.282721,0.399315,0.40735,0.18015,0.235474
0.109,0.032699,2.24,23.25,0.253,2.329,1362.1,0.37924,0.214151,0.363847,0.707321,0.14506,0.179467
0.118,0.035611,8.41,27.51,0.332,2.802,2259.1,0.286721,0.336726,0.533414,0.546509,0.16716,0.203813
0.115,0.034508,1.6,25.97,0.307,2.675,2325.6,0.288325,0.278206,0.230231,0.180872,0.084432,0.045652
0.121,0.03648,2.83,26.59,0.271,2.233,2691,0.37413,0.420126,0.50217,0.387415,0.279337,0.101397
0.125,0.037655,4.09,25.42,0.315,2.518,3953.5,0.808841,0.304811,0.77653,1.079633,0.129172,0.265346
0.116,0.034812,4.45,26.94,0.267,2.313,3122.9,0.762432,0.703704,0.590992,0.717359,0.308889,0.264345
0.109,0.032871,0.43,24.88,0.291,2.669,2392,0.475384,0.403402,0.393046,0.335365,0.176075,0.109134
0.104,0.031184,0.65,24.13,0.265,2.56,1395.4,0.909577,1.024312,1.56664,1.245699,0.619994,0.465025
0.115,0.034631,4.79,25.96,0.294,2.553,3621.3,0.173663,0.171876,0.130562,0.241777,0.253989,0.115692
0.104,0.031389,0.46,23.06,0.24,2.3,1495,0.563634,0.341608,0.612436,0.520965,0.15132,0.239132
0.11,0.033122,2.1,22.9,0.297,2.696,1362.1,0.686442,0.763086,0.31588,0.510865,0.234488,0.170124
0.112,0.033679,0.2,25.99,0.272,2.429,1528.2,0.124364,0.251396,0.657865,0.661487,0.14091,0.169371
0.114,0.03428,0.54,24.76,0.255,2.243,1395.4,0.254751,0.28476,0.515535,0.567673,0.163641,0.156911
0.109,0.032663,1.23,23.47,0.247,2.272,1760.8,0.184314,0.275707,0.576189,0.616584,0.216494,0.144713
0.129,0.038881,3.43,24.65,0.298,2.307,1528.2,0.278022,0.365127,0.476755,0.493796,0.178737,0.200663
0.107,0.032274,0.49,23.17,0.264,2.46,1594.7,0.602355,0.468882,0.260008,0.507711,0.21059,0.146326
0.123,0.036973,4.96,29.41,0.292,2.38,2757.5,0.447563,0.283419,0.269297,0.524187,0.239863,0.133795
0.121,0.036437,2.25,26.82,0.293,2.418,3986.7,0.371319,0.41728,0.73062,0.603347,0.337081,0.199897
0.12,0.035989,1.91,26.89,0.248,2.075,3953.5,0.209649,0.208728,0.123203,0.116624,0.253055,0.042634
0.095,0.028688,6.88,19.06,0.324,3.401,1993.4,0.152037,0.121143,0.044539,0.012178,0.132899,0.082548
0.11,0.033043,1.63,25.04,0.3,2.73,1495,0.180074,0.269164,0.39378,0.776421,0.412313,0.23388
0.118,0.035445,0.9,23.45,0.324,2.752,1461.8,0.094519,0.225588,0.592499,0.744091,0.337792,0.165373
0.108,0.032538,0.45,25.39,0.266,2.464,1594.7,0.368546,0.194508,0.542759,0.508509,0.050336,0.20949
0.128,0.038493,6.96,29.27,0.29,2.264,3189.4,0.110911,0.321989,0.486067,0.496773,0.221508,0.239969
0.106,0.03187,0.32,23.46,0.272,2.572,1661.1,0.484515,0.509711,0.446678,0.246058,0.198509,0.122485
0.109,0.032921,0.35,24.61,0.278,2.543,1528.2,0.376038,0.28246,0.309927,1.169807,0.23776,0.333221
0.114,0.034382,1.96,26.76,0.251,2.2,1461.8,0.350693,0.227422,0.360387,0.551608,0.068488,0.037891
0.105,0.031516,1.71,23.99,0.253,2.418,1794,0.175919,0.261997,0.486725,0.593212,0.216377,0.08855
0.111,0.033497,0.72,26.08,0.258,2.321,1727.6,1.248449,1.302523,2.090963,1.833498,0.755747,0.844911
0.119,0.035875,8.86,26.64,0.319,2.675,3156.1,0.311314,0.4361,0.719323,0.844651,0.181712,0.277179
0.109,0.032715,0.72,24.34,0.277,2.546,2159.5,0.254952,0.42016,0.458935,0.707714,0.107706,0.168612
0.122,0.036597,6.42,24.99,0.291,2.393,2093,0.456788,0.399436,0.405842,0.494577,0.166414,0.304088
0.122,0.036628,7.44,25.08,0.322,2.649,3554.8,0.181657,0.287442,0.581621,0.66862,0.13083,0.236984
0.12,0.036011,4.7,26.22,0.295,2.469,2458.5,0.499209,0.457278,0.512575,0.675186,0.248405,0.250632
0.106,0.031795,0.78,24.44,0.27,2.552,2259.1,0.834945,0.73931,1.008744,0.870016,0.200688,0.280675
0.117,0.035311,5.46,24.97,0.264,2.25,3255.8,0.446457,0.697765,0.71157,1.208379,0.264813,0.792948
0.11,0.033081,0.42,24.56,0.317,2.883,2225.9,0.201033,0.370154,0.470287,0.662513,0.152021,0.33921
0.113,0.033965,0.77,25.7,0.306,2.71,1661.1,0.247471,0.210879,0.411677,0.625537,0.325186,0.091605
0.109,0.03294,1.94,24.95,0.258,2.36,1528.2,0.382335,0.306754,0.497811,0.451415,0.126774,0.146662
0.114,0.034387,2.18,27.19,0.266,2.33,1328.9,0.636159,0.581373,0.639407,0.906952,0.233919,0.105033
0.106,0.031958,1.19,24.11,0.261,2.463,1495,0.640081,0.423058,0.737745,1.081278,0.264717,0.380509
0.115,0.034497,3.96,26.21,0.283,2.472,2392,0.180363,0.218173,0.643596,0.757683,0.147136,0.074301
0.11,0.033134,1.59,24.84,0.294,2.673,1428.6,0.232272,0.191502,0.200663,0.235281,0.195984,0.164629
0.105,0.031615,0.83,23.55,0.262,2.495,1561.5,0.384619,0.168717,0.522211,0.853369,0.105377,0.143177
0.112,0.033617,0.19,24.82,0.277,2.477,1760.8,0.35832,0.312666,0.216478,0.360948,0.246315,0.055719
0.109,0.032947,1.34,23.27,0.264,2.414,1461.8,0.227041,0.265884,0.372697,0.637565,0.270276,0.136184
0.106,0.031793,0.74,25.19,0.259,2.45,1661.1,0.563109,0.467546,0.85514,2.155395,0.355898,0.983742
0.112,0.033811,5.5,26.65,0.274,2.436,3887,0.270969,0.373981,0.773537,0.781681,0.261304,0.18169
0.106,0.032016,2.78,23.89,0.313,2.947,3421.9,0.126757,0.11528,0.371369,0.404602,0.139618,0.194951
0.106,0.031922,0.4,24.54,0.252,2.372,1461.8,0.240367,0.332779,0.606971,0.514418,0.080051,0.262718
0.126,0.03778,2.32,26.81,0.315,2.51,2524.9,0.202836,0.205679,0.814356,0.582909,0.104333,0.352608
0.119,0.035763,4.75,26.82,0.314,2.641,1461.8,0.722948,0.515985,0.655579,0.922564,0.202676,0.343292
0.117,0.03507,8.62,24.55,0.296,2.54,2823.9,0.248925,0.188875,0.20847,0.292992,0.224182,0.130584
0.108,0.03238,0.11,22.99,0.269,2.505,2126.2,0.399082,0.369423,0.454056,0.481233,0.219247,0.137426
0.117,0.035113,0.65,26.01,0.273,2.337,1528.2,0.286361,0.119274,0.353232,0.880368,0.070983,0.20868
0.119,0.035817,3.15,26.32,0.286,2.406,2159.5,0.428227,0.308365,0.30593,0.843966,0.132439,0.189758
0.12,0.036114,4.34,26.42,0.291,2.421,3322.3,0.358012,0.371284,0.51601,0.461688,0.178168,0.2774
0.121,0.036517,5.69,28.05,0.317,2.613,3056.5,0.312663,0.439611,0.256832,0.451018,0.114588,0.262534
0.105,0.031544,1.04,22.94,0.233,2.224,1860.5,0.213381,0.30766,0.530344,0.668626,0.116588,0.107694
0.098,0.02956,0.5,22.04,0.238,2.427,1428.6,0.435162,0.527553,0.631982,0.494876,0.179112,0.181684
0.109,0.032916,2.69,24.15,0.282,2.577,3289,0.37011,0.508211,0.852435,0.586836,0.391177,0.373062
0.098,0.029541,1.21,22.45,0.243,2.478,1694.3,0.39586,0.205027,0.516279,0.724274,0.134293,0.142786
0.1,0.03013,1.63,21.3,0.251,2.508,1694.4,0.316137,0.367738,0.265634,0.358669,0.224664,0.0627
0.121,0.036407,4.7,26.2,0.326,2.696,2026.6,0.18453,0.085645,0.222415,1.342728,0.140629,0.504567
0.109,0.032818,0.69,23.62,0.272,2.495,1594.7,0.630989,0.309335,0.475797,0.724664,0.140411,0.128177
0.118,0.035581,4.85,27.79,0.29,2.456,3122.9,0.472413,0.176788,0.404485,0.861697,0.276144,0.184186
0.125,0.037687,4.4,27.52,0.313,2.503,3322.3,0.301828,0.408397,0.614311,1.712386,0.585857,0.292064
0.111,0.033411,3.18,25.83,0.246,2.218,3089.7,0.209952,0.248261,0.310991,1.258615,0.114764,0.512686
0.111,0.033491,0.45,23.58,0.294,2.646,1893.7,0.464295,0.344823,0.560684,0.529467,0.099277,0.288472
0.113,0.034125,6.58,24.75,0.279,2.457,1794,0.3214,0.31376,0.432693,1.445821,0.144301,0.563612
0.107,0.032274,0.34,22.41,0.23,2.148,1561.5,0.496925,0.443316,0.564656,0.65643,0.224253,0.178183
0.116,0.034966,3.36,25.93,0.292,2.516,2790.7,0.342571,0.254891,0.690975,0.635796,0.310211,0.091209
0.105,0.031511,0.44,23.58,0.261,2.491,1627.9,0.221197,0.203033,0.487369,0.906562,0.219488,0.189668
0.11,0.033226,1.09,24.97,0.264,2.396,1794,0.125496,0.263449,0.492392,1.056846,0.206253,0.224927
0.128,0.038547,4.69,26.34,0.348,2.721,3521.6,0.183383,0.34998,0.425606,0.679933,0.050486,0.09706
0.118,0.035568,9.23,24.98,0.277,2.348,2093,0.459234,0.318144,0.555068,0.595715,0.278333,0.192406
0.107,0.032069,1.58,23.29,0.252,2.363,1727.6,0.343783,0.155026,0.403023,0.42375,0.125901,0.156885
0.12,0.036252,6,24.45,0.299,2.482,2990,0.559529,0.301686,0.435913,0.456968,0.434003,0.147748
0.126,0.037834,5.43,26.15,0.32,2.546,3156.1,0.518593,0.436672,0.602796,0.552033,0.185762,0.101831
0.127,0.038161,5.39,26.46,0.314,2.474,2259.1,0.123685,0.119333,0.089812,0.10271,0.301535,0.126808
0.105,0.031742,0.32,22.17,0.288,2.73,1162.8,0.328387,0.429425,0.41459,0.631141,0.258711,0.147889
0.109,0.032754,1.73,24.02,0.294,2.7,1794,0.648265,0.259998,0.723501,1.20384,0.283338,0.269551
0.106,0.031917,1.22,22.81,0.257,2.423,3355.5,0.351961,0.31728,0.175858,0.821571,0.231724,0.223767
0.106,0.031894,0.93,22.19,0.255,2.409,1495,0.46152,0.276936,0.445015,0.442544,0.08489,0.095017
0.103,0.031116,2.1,22.5,0.271,2.625,1627.9,0.183315,0.34881,0.546882,0.309673,0.134436,0.213459
0.121,0.036432,2.75,26.67,0.302,2.495,2724.3,0.38748,0.42942,0.346435,0.508087,0.13656,0.214141
0.106,0.032014,0.26,24.25,0.261,2.456,1428.6,0.46274,0.271035,0.477965,0.63511,0.157247,0.083434
0.115,0.034701,4.54,24.39,0.265,2.303,2126.2,0.354869,0.468357,0.296421,0.59208,0.119124,0.1106
0.125,0.037702,4.16,26.27,0.283,2.259,3056.5,0.441203,0.368402,0.440832,0.436289,0.268092,0.21646
0.107,0.032278,0.47,22.66,0.246,2.289,1461.8,0.388876,0.14892,0.630613,0.823325,0.100415,0.181721
0.105,0.031563,0.97,21.79,0.261,2.485,1428.6,0.249085,0.254725,0.600883,0.597881,0.155271,0.196514
0.106,0.031954,0.12,23.06,0.258,2.435,1262.5,0.267268,0.314559,0.468571,0.463801,0.203494,0.106338
0.13,0.038989,2.51,27.1,0.325,2.509,1661.1,0.555985,0.596645,1.345291,0.765157,0.834358,0.529379
0.107,0.032081,2.75,20.96,0.261,2.448,1993.4,0.237417,0.281076,0.49466,1.025445,0.085924,0.328213
0.104,0.03125,2.33,22.6,0.26,2.501,1428.6,0.3762,0.381493,0.535357,1.017223,0.162272,0.153019
0.126,0.037942,0.26,27.78,0.328,2.601,3289,0.19897,0.82652,1.344203,1.154163,0.517517,0.181906
0.102,0.030774,1.56,23.1,0.272,2.662,2757.5,0.202117,0.259076,0.628542,0.887789,0.216052,0.218836
0.106,0.031966,0.2,22.25,0.257,2.418,1428.6,0.428744,0.497688,0.993389,1.255561,0.321323,0.25429
0.107,0.03214,1.66,23.31,0.238,2.225,3056.5,0.475327,0.368002,0.683444,0.641594,0.136685,0.159072
0.116,0.034769,3.05,24.2,0.276,2.386,1594.7,0.555553,0.744929,0.456624,1.113252,0.167214,0.57905
0.112,0.033783,1.57,24.53,0.282,2.517,2724.3,0.373111,0.194069,0.429857,0.434932,0.132257,0.149263
0.111,0.033424,0.03,25.74,0.289,2.601,2990,0.3224,0.42839,0.694067,0.804053,0.337909,0.374902
0.121,0.03644,4.52,28.57,0.326,2.694,3920.3,1.146529,0.73323,1.060348,1.67832,0.293966,0.330994
0.107,0.032348,0.5,22.25,0.232,2.155,2059.8,0.302902,0.158302,0.248878,1.130471,0.215429,0.434024
0.106,0.031766,0.76,23.45,0.281,2.666,2259.1,0.620182,0.406698,0.539751,0.618385,0.257262,0.198863
0.112,0.033591,3.73,25.33,0.279,2.503,2757.5,0.402419,0.368246,0.204873,0.396149,0.21731,0.128928
0.1,0.03023,0.15,22.8,0.268,2.67,1428.6,0.588111,0.305387,0.579389,0.717612,0.114426,0.326055
0.11,0.032985,4.14,25.33,0.257,2.343,3853.8,0.390739,0.281613,0.624164,0.518242,0.190677,0.092236
0.105,0.031563,1.2,22.52,0.26,2.476,1295.7,0.136298,0.17186,0.615246,0.425592,0.147831,0.204716
0.123,0.036971,4.12,25.36,0.336,2.732,2292.4,0.072229,0.10917,0.271336,0.376205,0.219002,0.208104
0.105,0.03153,0.03,24.22,0.247,2.363,1627.9,0.228777,0.176198,0.521285,0.622204,0.205522,0.071431
0.101,0.030256,1.3,23.3,0.238,2.367,1561.5,0.138154,0.262165,0.408132,0.271595,0.141245,0.146787
0.116,0.034787,2.83,25.16,0.288,2.495,3388.7,0.278841,0.427639,0.30222,0.895222,0.210126,0.336654
0.128,0.038588,1.46,29.22,0.351,2.735,2923.6,0.305054,0.748529,0.762735,0.647591,0.27363,0.341432
0.106,0.032005,6.31,22.65,0.259,2.436,2890.4,0.333434,0.377522,0.673743,0.560091,0.409799,0.282599
0.11,0.033089,2.91,24.18,0.292,2.654,2558.1,0.495454,0.329403,0.240747,0.270427,0.2123,0.074057
0.124,0.037255,0.61,27.01,0.357,2.884,3056.5,0.330622,0.718086,0.334606,0.564855,0.28676,0.205969
0.102,0.03064,1.06,21.59,0.27,2.648,2823.9,0.490601,0.301155,0.227335,0.20662,0.233215,0.122102
0.128,0.038421,1.97,25.31,0.36,2.817,2857.1,0.671575,0.582684,0.421404,0.428175,0.205878,0.189007
0.105,0.031541,4.6,24.57,0.28,2.67,2491.7,0.323623,0.439437,0.330393,0.468854,0.168815,0.142806
0.101,0.030374,0.83,23.23,0.242,2.401,1627.9,0.35767,0.540173,0.372767,0.360711,0.07661,0.05132
0.113,0.034126,0.93,24.17,0.286,2.526,1760.8,0.40058,0.388703,0.488636,0.638896,0.140712,0.186066
0.127,0.038241,3.39,25.69,0.295,2.322,2591.4,0.423235,0.276149,0.316339,0.748284,0.222037,0.157459
0.115,0.034496,6.17,24.99,0.302,2.631,2026.6,0.256703,0.209859,0.126486,0.216276,0.125982,0.076115
0.128,0.038521,0.11,28.92,0.335,2.619,1827.2,0.229126,0.319796,0.22042,0.168412,0.153694,0.101012
0.096,0.029018,1.03,22.46,0.413,4.281,1661.1,0.272265,0.188961,0.740049,0.797049,0.207954,0.435717
0.105,0.03149,0.55,23.22,0.25,2.388,1627.9,0.435904,0.261868,0.226101,0.436398,0.267798,0.104676
0.125,0.037512,0.8,25.91,0.304,2.44,1893.7,0.449727,0.385363,0.382294,0.336849,0.170249,0.207954
0.104,0.031277,0.3,23.28,0.257,2.471,1727.6,0.265742,0.179609,0.426949,0.613048,0.149925,0.161494
0.104,0.031322,0.21,22.43,0.261,2.511,1528.2,0.408775,0.350232,0.54471,0.667991,0.117347,0.155813
0.109,0.032756,1.82,25.1,0.29,2.662,2956.8,0.817314,0.550912,1.052637,0.900527,0.43784,0.23702
0.106,0.031823,1.68,24.02,0.272,2.577,2325.6,0.486905,0.347043,0.191879,0.111972,0.260263,0.18703
0.092,0.027701,2.7,20.6,0.344,3.737,2691,0.232641,0.511006,0.2886,0.694529,0.195786,0.175036
0.126,0.037941,3.9,26.62,0.299,2.374,3654.5,0.428747,0.173931,0.783288,0.52397,0.185697,0.24538
0.122,0.036835,0.96,26.53,0.321,2.623,2126.3,0.29344,0.094756,0.49729,0.762009,0.354042,0.292598
0.115,0.034633,4.61,23.61,0.296,2.574,3255.8,0.377178,0.177001,0.512311,0.422832,0.182996,0.300327
0.107,0.032265,1.5,24.16,0.345,3.219,2458.5,0.402332,0.384185,0.087901,0.262044,0.187696,0.054834
0.101,0.030322,0.77,23.15,0.251,2.491,1694.3,0.373745,0.461959,0.435046,0.273857,0.148836,0.104679
0.119,0.035949,4.94,25.88,0.333,2.789,3023.3,0.581548,0.439934,0.407714,0.577358,0.152543,0.192906
0.126,0.037823,2.41,28.45,0.347,2.764,1893.7,0.466223,0.634962,0.477452,0.559449,0.418429,0.169564
0.105,0.031725,3.03,21.15,0.236,2.243,2491.7,0.484477,0.101712,0.44904,0.266451,0.227426,0.140743
0.127,0.038331,0.25,25.48,0.311,2.44,4019.9,0.41155,0.361249,0.548109,0.877804,0.540134,0.40335
0.11,0.032996,2.36,23.2,0.245,2.238,2292.4,0.340408,0.21433,0.410449,0.781336,0.251728,0.152696
0.104,0.031291,0.07,22.87,0.243,2.334,1694.4,0.40723,0.395796,0.409233,0.397851,0.089261,0.131136
0.12,0.035996,4.1,24.89,0.34,2.847,1727.6,0.229262,0.319025,0.441273,0.99431,0.144468,0.252477
0.105,0.031476,0.12,23.93,0.267,2.552,1162.8,0.224382,0.413967,0.468779,0.586869,0.229817,0.16216
0.098,0.029612,0.73,19.61,0.26,2.644,1594.7,0.204387,0.22723,0.489728,0.895319,0.173884,0.190846
0.098,0.029569,0.25,20.97,0.234,2.379,1395.4,0.497482,0.549467,0.640146,0.794138,0.257299,0.307005
0.11,0.033017,7.29,24.71,0.246,2.245,3089.7,0.289918,0.311964,0.684551,0.855364,0.14241,0.182546
0.114,0.034348,3.84,24,0.28,2.453,1627.9,0.346044,0.373155,0.285831,0.335127,0.267438,0.150832
0.106,0.032023,4.38,22.1,0.282,2.648,2358.8,0.335284,0.091132,0.551078,0.513204,0.122842,0.123053
0.104,0.031219,0.53,23.15,0.232,2.234,1727.6,0.47405,0.574128,0.71847,0.733139,0.366184,0.214225
0.111,0.033419,6.21,24.31,0.28,2.522,2059.8,0.332829,0.179286,0.7812,0.744864,0.318009,0.152194
0.097,0.02933,0.91,21.84,0.26,2.673,4219.3,0.37792,0.450596,0.450367,0.879862,0.306164,0.187054
0.127,0.038183,0.52,26.27,0.328,2.587,3023.3,0.331587,0.532893,0.488557,0.73641,0.155383,0.140438
0.105,0.031605,3.17,22.87,0.278,2.649,2059.8,0.387444,0.183732,0.432652,0.613464,0.149299,0.135316
0.099,0.029653,0.2,22.42,0.231,2.343,1727.6,0.208868,0.214287,0.334514,0.514485,0.199748,0.205417
0.1,0.030035,0.77,20.67,0.27,2.707,1627.9,0.259838,0.206553,0.119815,0.313333,0.223822,0.043448
0.101,0.030361,2.78,21.87,0.267,2.646,1926.9,0.191177,0.125588,0.540946,0.7459,0.223757,0.194912
0.128,0.038619,0.84,27.62,0.338,2.637,3255.8,0.650857,0.695332,1.087197,0.549055,0.276711,0.237309
0.109,0.032763,3.95,25.14,0.282,2.595,1893.7,0.37873,0.249044,0.20374,0.463252,0.151413,0.162233
0.109,0.03277,2.23,22.43,0.273,2.51,2657.8,0.183213,0.091619,0.708221,0.921761,0.442746,0.327182
0.094,0.028349,0.33,20.61,0.236,2.506,1694.4,0.15274,0.182265,0.609375,0.388463,0.414481,0.221624
0.099,0.029924,2.17,21.61,0.231,2.319,1594.7,0.175052,0.086469,0.536857,0.797394,0.248294,0.190359
0.101,0.030278,0.18,22.36,0.244,2.427,1428.6,0.365593,0.450731,0.437959,0.245876,0.103689,0.185556
0.116,0.034912,2.81,25.26,0.304,2.622,1262.5,0.418759,0.600638,0.474241,1.024373,0.128959,0.265095
0.107,0.032058,3.8,23,0.296,2.781,3853.8,0.144479,0.310895,0.464547,0.549172,0.243317,0.293099
0.099,0.029849,0.15,21.18,0.277,2.798,1960.1,0.513983,0.358831,0.481219,0.595211,0.180468,0.156587
0.122,0.036868,1.13,25.9,0.339,2.768,3388.7,0.729108,1.41677,0.734064,2.321575,0.243372,0.48436
0.092,0.027673,1.84,19.5,0.263,2.861,3023.3,0.54297,0.289035,0.437336,0.575142,0.253841,0.308062
0.123,0.037169,1.42,27.5,0.341,2.761,4019.9,0.814596,0.900426,0.187249,0.321873,0.265963,0.155474
0.099,0.029795,3.97,22.16,0.261,2.635,2990,0.479359,0.264636,0.283968,0.43867,0.110777,0.136907
0.114,0.034344,1.87,26.42,0.272,2.382,2225.9,0.432768,0.507062,0.392474,0.464626,0.124922,0.257835
0.101,0.030534,1.07,20.7,0.244,2.401,1428.6,0.231051,0.274816,0.330063,0.610892,0.276071,0.087394
0.1,0.030206,1.32,21.4,0.247,2.462,1528.2,0.443757,0.20616,0.373452,0.730139,0.131233,0.184499
0.103,0.031119,0.35,23.1,0.274,2.651,2026.6,0.376193,0.324618,0.34869,0.556998,0.25245,0.10475
0.115,0.034722,4.52,22.76,0.278,2.412,1893.7,0.434129,0.391728,0.193531,0.269583,0.170662,0.095058
0.113,0.033959,0.97,23.96,0.324,2.871,1727.6,0.21082,0.247697,0.302777,0.676567,0.114354,0.201459
0.101,0.030436,2.15,22.36,0.282,2.793,1461.8,0.447319,0.620165,0.363305,0.572557,0.178522,0.266345
0.106,0.031877,0.14,21.2,0.28,2.641,1860.5,0.243867,0.653099,0.471256,0.523746,0.400769,0.300432
0.104,0.031164,1.35,20.68,0.232,2.238,3421.9,0.254095,0.441952,0.228565,0.228224,0.275702,0.186291
0.119,0.035929,4.01,25.6,0.322,2.698,3654.5,0.268041,0.314686,0.189215,0.347854,0.266973,0.101862
0.096,0.028868,0.43,21.73,0.241,2.512,1362.1,0.151714,0.352203,0.368217,0.47111,0.186364,0.038315
0.098,0.029571,0.51,20.79,0.239,2.428,1661.1,0.244393,0.231814,0.092248,0.183888,0.182496,0.080271
0.101,0.030325,0.47,22.23,0.262,2.597,1262.5,0.304814,0.406926,0.422579,1.085335,0.161483,0.309495
0.1,0.030183,0.09,22.52,0.258,2.574,1727.6,0.477906,0.415104,0.428728,0.361698,0.175027,0.13919
0.098,0.029643,0.76,20.81,0.269,2.73,1794,0.115464,0.145435,0.153073,0.555338,0.123576,0.127907
0.1,0.03025,2.99,22.29,0.258,2.567,1794,0.43471,0.423216,0.447716,0.50447,0.312824,0.088933
0.127,0.038252,0.3,26.94,0.339,2.667,2691,0.100724,0.246333,0.560755,0.691311,0.100626,0.145363
0.105,0.031652,1.94,23.56,0.269,2.56,1428.6,0.647257,0.383355,0.756465,0.580108,0.191355,0.13041
0.102,0.030681,2.43,22.54,0.278,2.731,1196,0.226491,0.401426,0.348782,0.273637,0.181526,0.100068
0.121,0.036302,2.96,26.29,0.325,2.694,2956.8,0.516707,0.410999,0.460372,0.212073,0.227066,0.103375
0.118,0.035509,1.68,25.19,0.324,2.75,2923.6,0.216827,0.535302,0.230177,0.260202,0.056411,0.060106
0.099,0.029925,1.59,23,0.286,2.877,1827.2,0.403427,0.635137,0.473235,0.719217,0.19844,0.116129
0.112,0.033571,3.47,21.3,0.274,2.456,2857.1,0.275123,0.258673,0.366063,0.375404,0.21593,0.126217
0.101,0.03045,0.5,21.77,0.254,2.515,1428.6,0.340784,0.475692,0.299874,0.218384,0.230542,0.083605
0.102,0.030569,0.02,22.5,0.262,2.584,1594.7,0.447217,0.366602,1.0011,1.135809,0.165426,0.261785
0.102,0.030656,1.54,21.89,0.252,2.471,1461.8,0.311164,0.228606,0.471536,0.379716,0.225751,0.121275
0.107,0.032169,1.35,21.82,0.271,2.532,1461.8,0.388231,0.408175,0.226812,0.323508,0.081648,0.170876
0.126,0.037812,4.33,28.84,0.356,2.836,1960.1,0.363225,0.642587,0.51159,1.102993,0.145218,0.363939
0.103,0.031136,3.46,22.26,0.244,2.361,2524.9,0.451259,0.247328,0.224748,0.413434,0.160537,0.133209
0.12,0.036217,5.65,25.94,0.317,2.632,3023.3,0.297931,0.188079,0.264041,0.304111,0.093992,0.207513
0.105,0.031673,3.06,23.88,0.272,2.584,1495,0.426467,0.342928,0.635534,0.705898,0.265206,0.206246
0.102,0.030574,1.98,21.79,0.244,2.4,2126.2,0.223313,0.172396,0.132937,0.057258,0.235546,0.028999
0.104,0.031369,4.28,24.7,0.273,2.624,3554.8,0.323782,0.603776,0.473525,1.03466,0.281914,0.236277
0.118,0.035485,4.68,27.9,0.33,2.796,2990,0.319202,0.388352,0.333958,0.31631,0.21403,0.160531
0.108,0.032551,5.61,21.84,0.29,2.682,2392,0.114244,0.214009,0.34852,0.972238,0.283116,0.362431
0.099,0.029784,0.17,23.23,0.265,2.675,1827.2,0.571112,0.592208,0.500959,0.444236,0.336635,0.115326
0.1,0.030132,2.71,21.09,0.282,2.817,1495,0.829201,0.708401,0.524381,0.66902,0.407592,0.103906
0.099,0.029752,6.67,21.74,0.292,2.952,2624.6,0.426924,0.560991,0.222913,0.321066,0.2455,0.114758
0.124,0.037451,2.74,28.75,0.369,2.964,2491.7,0.362774,0.497752,0.555115,0.437742,0.271262,0.131577
0.118,0.035462,4.11,25.88,0.306,2.601,2823.9,0.403918,0.157146,0.421922,0.454623,0.17159,0.242858
0.099,0.029808,0.83,22.72,0.231,2.332,1960.1,0.248834,0.119758,0.424086,0.578104,0.101384,0.236573
0.112,0.033625,5.66,23.38,0.299,2.676,2292.4,0.36781,0.405915,0.585738,0.642864,0.124931,0.154618
0.117,0.035271,3.09,23.34,0.29,2.473,1461.8,0.286041,0.193691,0.308148,0.403119,0.071234,0.03854
0.127,0.038317,7.16,27.05,0.304,2.389,2823.9,0.3783,0.794659,0.239432,0.076867,0.23145,0.260115
0.105,0.031483,3.51,21.84,0.292,2.79,3355.5,0.371088,0.348062,0.198097,0.454697,0.257657,0.174843
0.121,0.036276,5.79,23.85,0.312,2.591,4119.6,0.488552,0.753309,0.476048,0.787299,0.552505,0.427024
0.098,0.029416,4.81,20.88,0.258,2.643,2923.6,0.526911,0.206204,0.267177,0.150104,0.133327,0.070121
0.12,0.036191,2.12,24.65,0.336,2.791,1926.9,0.848861,0.289661,0.533414,0.781482,0.223191,0.220316
0.104,0.031222,0.17,20.28,0.261,2.516,2724.3,0.646747,0.432135,0.282938,0.77601,0.443672,0.180392
0.092,0.027784,5.98,21.02,0.243,2.631,2458.5,0.276401,0.506848,0.351608,0.529899,0.04796,0.201733
0.1,0.030106,1.14,22.16,0.234,2.338,1328.9,0.262128,0.510224,0.15629,0.264395,0.20053,0.058421
0.099,0.029934,0.78,22.04,0.244,2.457,1428.6,0.346823,0.253551,0.246758,0.396131,0.217881,0.102507
0.104,0.031161,1.58,20.24,0.261,2.524,3355.5,0.3305,0.633553,0.450259,0.34048,0.439907,0.145481
0.122,0.036861,4.37,24.87,0.323,2.64,3023.3,0.268959,0.268629,0.22463,0.365747,0.264913,0.070506
0.103,0.030907,1.82,20.45,0.281,2.741,1096.3,0.197819,0.415095,0.470043,0.582364,0.194867,0.155486
0.109,0.032712,0.68,24.93,0.293,2.693,1627.9,0.2537,0.299478,0.472718,0.40726,0.119992,0.249491
0.1,0.030182,1.16,22.84,0.276,2.752,1760.8,0.227209,0.615944,0.293971,0.296878,0.069469,0.090678
0.097,0.029265,2.13,21.07,0.25,2.572,1661.1,0.498766,0.152821,0.57238,0.261335,0.297158,0.117731
0.119,0.035861,1.83,26.75,0.303,2.54,2691,0.245348,0.367902,0.334933,0.453964,0.146027,0.205654
0.125,0.037571,2.32,27.23,0.347,2.78,3189.4,0.367476,0.463639,0.228284,0.205761,0.194039,0.107908
0.117,0.035357,1.39,26.75,0.293,2.492,1960.1,0.588143,0.265756,0.356445,0.402674,0.221919,0.077235
0.119,0.035914,6.92,26.7,0.294,2.468,1926.9,0.651935,0.961434,0.578842,0.643591,0.195796,0.279661
0.097,0.029293,2,22.16,0.277,2.843,2093,0.287701,0.504328,0.451272,0.807765,0.33871,0.290043
0.118,0.035512,5.83,26.22,0.278,2.352,2724.3,0.315655,0.632936,0.087548,0.142752,0.094821,0.114897
0.12,0.036089,4.88,27.02,0.311,2.597,2624.6,0.269126,0.464411,0.225228,0.271871,0.189579,0.111538
0.093,0.028016,1.55,20.77,0.262,2.815,1926.9,0.290354,0.372704,0.127682,0.2051,0.193886,0.052296
0.099,0.029675,2.99,22.65,0.274,2.781,1827.2,0.251632,0.70048,0.199199,0.305721,0.040595,0.108581
0.096,0.028942,0.46,21.88,0.244,2.543,1860.5,0.521445,0.735428,0.193032,0.322162,0.192707,0.057895
0.106,0.031868,3.78,21.7,0.256,2.417,1528.2,0.217537,0.435353,0.282831,0.307238,0.143271,0.128177
0.105,0.03155,0.25,22.25,0.235,2.245,1727.6,0.302246,0.395246,0.217135,0.128846,0.154675,0.08506
0.097,0.029272,0.92,21.15,0.236,2.428,1661.1,0.314338,0.485623,0.844741,0.491241,0.196904,0.169728
0.107,0.032194,2.69,23.48,0.266,2.488,1428.6,0.189862,0.372849,0.101883,0.197385,0.076396,0.050734
0.117,0.035181,5.11,25.65,0.316,2.704,3089.7,0.451305,0.497565,0.226366,0.281436,0.098653,0.12846
0.125,0.03754,0.8,26.67,0.285,2.287,1794,0.210971,0.160362,0.091891,0.596722,0.180335,0.21274
0.122,0.036681,6.37,25.23,0.286,2.347,3554.8,0.352258,0.298125,0.354215,1.141542,0.102776,0.342056
0.117,0.03522,0.78,26.72,0.304,2.601,2624.6,0.51298,0.609505,0.203745,0.971698,0.311016,0.205533
0.102,0.030839,4.01,22.18,0.278,2.712,2624.6,0.666318,0.784657,0.180774,0.338262,0.343557,0.081601
0.113,0.033959,4.02,24.68,0.289,2.558,2358.8,0.474211,0.139399,0.315529,0.318844,0.105339,0.121814
0.123,0.036978,2.71,26.96,0.317,2.582,1993.4,0.637163,0.700007,0.454715,0.703867,0.338755,0.415416
0.108,0.032656,3.29,21.41,0.273,2.519,3189.4,0.466928,0.549988,0.164737,0.338172,0.249407,0.095612
0.102,0.030773,0.11,22.64,0.248,2.425,1661.1,0.319227,0.177157,0.247775,0.356039,0.208083,0.106481
0.103,0.030882,3.35,22.48,0.278,2.708,1627.9,0.261266,0.629841,0.130937,0.154166,0.13945,0.039863
0.098,0.029592,2.23,21.66,0.218,2.213,1395.4,0.217261,0.569215,0.234846,0.251503,0.098092,0.092845
0.098,0.029536,3.14,21.87,0.272,2.774,1428.6,0.331589,0.384558,0.355805,0.227508,0.134792,0.177518
0.119,0.035953,3.5,24.9,0.336,2.81,2225.9,0.342897,0.471469,0.314107,0.217587,0.10354,0.120246
0.129,0.038879,3.77,28.53,0.343,2.657,2093,0.222194,0.490459,0.336893,0.324028,0.093755,0.103257
0.102,0.030608,2.59,22.82,0.286,2.815,1528.2,0.441668,0.369383,0.294659,0.36291,0.133549,0.085739
0.117,0.035218,5.03,24.24,0.339,2.895,2325.6,0.258996,0.556074,0.20246,0.247848,0.117212,0.082034
0.098,0.029539,1.25,21.43,0.256,2.607,2591.4,0.314716,0.664907,0.176569,0.240768,0.208778,0.167631
0.117,0.035209,3.13,25.55,0.369,3.152,4352.2,0.370569,0.507545,0.493409,0.49734,0.148331,0.20734
0.117,0.035301,1.48,24.67,0.325,2.775,1528.2,0.251495,0.331119,1.028509,0.482857,0.401563,0.11256
0.101,0.030341,0.09,23.03,0.269,2.672,1661.1,0.329747,0.363828,0.294754,0.101583,0.088383,0.12175
0.101,0.030421,2.56,22.36,0.231,2.283,1495,0.330029,0.390425,0.161917,0.272883,0.212981,0.109015
0.113,0.033948,3.84,25.56,0.311,2.755,2956.8,0.322693,0.462983,0.398391,0.596781,0.147477,0.160692
0.105,0.031546,4.23,22.95,0.287,2.739,1661.1,0.316232,0.485206,0.373269,0.278828,0.193597,0.094112
0.126,0.038028,3.78,24.98,0.319,2.524,2657.8,0.589814,0.403098,0.334305,0.938348,0.288878,0.505652
0.107,0.032245,0.65,22.38,0.257,2.4,1960.1,0.261372,0.581024,0.141177,0.170949,0.073394,0.040612
0.1,0.030045,3.57,22.75,0.258,2.585,1594.7,0.25927,0.62892,0.096623,0.166058,0.225218,0.034416
0.1,0.030093,2.14,22.93,0.241,2.413,1661.1,0.463623,0.361482,0.211753,0.354273,0.164441,0.226175
0.117,0.035294,4.82,27.22,0.301,2.568,2890.4,0.37193,0.484518,0.144892,0.142346,0.1491,0.069753
0.12,0.036166,3.27,27.46,0.311,2.59,1461.8,0.207126,0.475105,0.24556,0.293951,0.053068,0.085715
0.104,0.031335,2.13,21.37,0.275,2.645,1694.3,0.233886,0.404644,0.280745,0.270728,0.096497,0.07946
0.118,0.035612,2.48,25.63,0.317,2.677,3089.7,0.129506,0.141097,0.107734,0.112841,0.131957,0.077036
0.101,0.03042,2.83,22.58,0.286,2.829,1827.2,0.294081,0.15529,0.079022,0.260259,0.135905,0.155207
0.101,0.030277,0.02,22.68,0.274,2.729,1528.2,0.35663,0.223846,0.200173,0.285182,0.235267,0.064354
0.102,0.030653,2.13,22.64,0.255,2.502,1461.8,0.489772,0.565947,0.296913,0.356058,0.172277,0.188085
0.102,0.030831,3.03,22.93,0.267,2.608,1428.6,0.524726,0.538329,0.360176,0.392855,0.299801,0.173687
0.108,0.03261,4.4,23.11,0.251,2.321,2724.3,0.298847,0.249521,0.288986,0.283195,0.173659,0.194135
0.102,0.030648,0.69,23.26,0.276,2.709,1794,0.295627,0.244576,0.272703,0.348523,0.174547,0.160825
0.097,0.029122,2.2,21.31,0.274,2.831,1362.1,0.76116,0.415205,0.083219,0.594849,0.272865,0.08016
0.106,0.031983,5.33,23.94,0.312,2.933,3023.3,0.315319,0.553363,0.313137,0.317135,0.142592,0.112814
0.104,0.031187,1.29,23.7,0.257,2.481,1561.5,0.531065,0.175522,0.133812,0.319016,0.096485,0.088478
0.099,0.029718,2.23,23.17,0.254,2.57,1528.2,0.328209,0.417125,0.303449,0.382471,0.119992,0.09849
0.097,0.029099,1.98,21.25,0.269,2.783,1594.7,0.146134,0.546229,0.209535,0.266694,0.075946,0.051928
0.097,0.029295,2.04,21.4,0.234,2.408,1694.4,0.494292,0.594908,0.856673,0.393262,0.342031,0.235226
0.121,0.036463,2.93,29.54,0.328,2.711,1760.8,0.262191,0.536861,0.359143,0.358897,0.189462,0.084716
0.094,0.028365,1.68,20.29,0.221,2.344,1461.8,0.346554,0.508459,0.304089,0.104127,0.175353,0.148258
0.128,0.038439,1.53,27.84,0.328,2.568,3355.5,0.244214,0.150523,0.241471,0.549126,0.282386,0.198504
0.101,0.030515,1.35,24.09,0.25,2.47,1528.2,0.357342,0.511274,0.364904,0.381265,0.20421,0.037612
0.104,0.031349,1.1,21.01,0.265,2.548,1794,0.534926,0.31667,0.471987,0.144345,0.286565,0.087042
0.104,0.031285,2.78,24.16,0.271,2.609,3089.7,0.263197,0.523865,0.23641,0.322835,0.21488,0.165305
0.1,0.030175,2.45,22.6,0.256,2.55,1362.1,0.231372,0.357345,0.425069,0.344626,0.279197,0.189576
0.101,0.030408,0.02,23.1,0.278,2.753,1295.7,0.322312,0.269048,0.458698,0.290694,0.143607,0.197509
0.097,0.029185,1.17,21.17,0.264,2.721,1395.4,0.139388,0.530472,0.281325,0.327817,0.090939,0.09741
0.1,0.030171,1.24,22,0.251,2.505,1993.4,0.639254,0.737735,0.992817,0.772249,0.452284,0.399344
0.093,0.028036,2.06,21.31,0.26,2.792,1860.5,0.339059,0.304,0.492945,0.538956,0.189507,0.134604
0.105,0.031594,2.65,23.46,0.271,2.58,1428.6,0.457411,0.252714,0.467707,0.550898,0.193631,0.207417
0.106,0.031797,4.04,23.49,0.252,2.388,2790.7,0.48263,0.16458,0.440127,0.575051,0.185477,0.215099
0.102,0.030671,2.01,22.97,0.285,2.796,1794,0.405047,0.168069,0.254221,0.513819,0.213554,0.168566
0.13,0.039104,0.89,29.53,0.357,2.745,3388.7,0.190593,0.615757,0.249651,0.33783,0.13923,0.106997
0.098,0.029426,1.68,22.27,0.25,2.559,1794,0.207739,0.497133,0.294636,0.288994,0.062699,0.112149
0.102,0.030626,1.59,20.65,0.289,2.837,1760.8,0.637235,0.610337,0.402818,0.282141,0.193273,0.205458
0.104,0.031281,4.08,24.84,0.277,2.661,2059.8,0.51681,0.553667,0.582175,0.662074,0.328596,0.258722
0.106,0.031997,3.9,24.83,0.292,2.742,1993.4,0.285549,0.237135,0.469669,0.444321,0.165948,0.239753
0.095,0.028678,0.7,20.63,0.255,2.677,1893.7,0.248949,0.257884,0.35927,0.54167,0.357924,0.145137
0.101,0.030338,0.64,23.71,0.24,2.384,1428.6,0.251577,0.491436,0.261687,0.293477,0.174028,0.084961
0.103,0.031019,3.27,22.86,0.26,2.522,1661.1,0.301011,0.402811,0.121639,0.051951,0.091861,0.085545
0.127,0.038294,4.47,28.93,0.383,3.013,2491.7,0.225325,0.58581,0.053082,0.086384,0.111478,0.097191
0.1,0.030131,1.89,23.27,0.247,2.465,1627.9,0.42373,0.470677,0.346181,0.130776,0.198895,0.199736
0.109,0.032909,4.77,26.74,0.27,2.465,2956.8,0.961143,0.685562,0.3414,0.60703,0.333953,0.149384
0.107,0.032312,4.33,25.13,0.307,2.856,2624.6,0.416986,0.386299,0.153144,0.174987,0.232069,0.075449
0.126,0.037895,0.09,28.96,0.337,2.674,3056.5,0.266352,0.163778,0.300377,0.301722,0.05392,0.154352
0.104,0.031247,0.28,22.45,0.265,2.556,1627.9,0.394822,0.388871,0.576814,0.38222,0.207931,0.179
0.105,0.031607,2.67,23.77,0.283,2.698,2624.6,0.294093,0.344449,0.267318,0.230875,0.228359,0.078477
0.102,0.030641,1.75,22.33,0.264,2.59,1727.6,0.412891,0.484357,0.259569,0.503104,0.210749,0.067094
0.109,0.032772,3.65,22.96,0.302,2.773,1827.2,0.147129,0.336087,0.305654,0.388128,0.151746,0.182594
0.104,0.031219,0.15,24.02,0.262,2.525,1694.4,0.284256,0.463474,0.290215,0.338776,0.076242,0.107436
0.096,0.029009,0.92,20.7,0.246,2.557,1495,0.398765,0.369377,0.413321,0.225295,0.139502,0.137117
0.115,0.034653,2.47,26.26,0.298,2.589,1860.5,0.288416,0.407476,0.243628,0.342077,0.224043,0.083156
0.097,0.029242,3.96,20.65,0.248,2.551,1495,0.301657,0.438654,0.170178,0.39685,0.174797,0.085279
0.128,0.038533,3.61,28.94,0.307,2.395,1727.6,0.402874,0.482747,0.262483,0.382492,0.230715,0.111352
0.108,0.032634,2.69,24.31,0.279,2.575,3521.6,0.217058,0.524267,0.196014,0.256711,0.080183,0.102306
0.098,0.029401,3.14,22.05,0.245,2.51,1827.2,0.305094,0.276571,0.307247,0.239976,0.067819,0.070876
0.103,0.030966,2.76,24.35,0.266,2.584,1794,0.333575,0.290979,0.199317,0.147023,0.205402,0.058272
0.1,0.030224,3.29,22.38,0.309,3.081,1461.8,0.495425,0.252555,0.339246,0.292286,0.190806,0.133716
0.121,0.036417,3.87,23.29,0.32,2.648,2425.3,0.431153,0.705145,0.242043,0.152254,0.046077,0.030913
0.125,0.037534,1.08,26.42,0.322,2.58,1395.4,0.520506,0.224129,0.408952,0.294801,0.075142,0.123657
0.122,0.036662,5.39,26.67,0.363,2.98,2458.5,0.538662,0.403131,0.277696,0.238902,0.215693,0.142144
0.106,0.031884,5.38,22.98,0.254,2.393,1627.9,0.276526,0.27148,0.25893,0.287243,0.132374,0.151273
0.097,0.02917,3.32,21.86,0.233,2.407,2026.6,0.239753,0.482337,0.238707,0.220276,0.236844,0.079033
0.1,0.029997,1.17,21.6,0.242,2.432,1694.4,0.260751,0.382173,0.302233,0.188129,0.124298,0.139887
0.099,0.029773,2.84,21.28,0.259,2.619,1926.9,0.215089,0.496068,0.328867,0.313921,0.055101,0.120426
0.116,0.034882,5.17,25.91,0.316,2.726,1561.5,0.197131,0.433687,0.638241,0.529712,0.220957,0.063443
0.106,0.031971,1.67,22.65,0.259,2.441,1760.8,0.593141,0.740034,0.455423,0.610914,0.358651,0.106651
0.107,0.032094,5.06,23.34,0.22,2.064,2823.9,0.630201,0.54051,0.239572,0.424762,0.210506,0.182378
0.107,0.032334,4.14,20.67,0.294,2.741,3787.4,0.348027,0.371927,0.236127,0.604707,0.246265,0.2225
0.121,0.036528,5.11,25.51,0.273,2.249,2425.3,0.420553,0.28844,0.175742,0.160575,0.151181,0.109922
0.115,0.034659,3.85,26.14,0.319,2.769,2956.8,0.596994,0.58693,0.512498,0.387728,0.239889,0.236494
0.102,0.030715,1.89,23.97,0.243,2.38,1528.2,0.545352,0.144686,0.409086,0.375288,0.141178,0.060279
0.111,0.033292,3.79,24.16,0.294,2.662,1528.2,0.742352,0.702674,0.371265,0.814209,0.284945,0.242811
0.107,0.032354,2.22,25.78,0.272,2.535,1395.3,0.277434,0.403779,0.262001,0.250947,0.195435,0.066085
0.094,0.028442,1.08,20.43,0.227,2.399,1827.2,0.366223,0.460501,0.342559,0.149717,0.227506,0.150321
0.09,0.027015,2.15,19.98,0.271,3.024,2093,0.471379,0.74806,0.479469,0.530437,0.569973,0.129675
0.099,0.029831,0.43,21.19,0.253,2.55,2159.5,0.179505,0.19607,0.157513,0.212676,0.060072,0.016876
0.124,0.037339,4.68,27.09,0.33,2.657,2890.4,0.392809,0.857174,0.438997,0.948624,0.838502,0.245166
0.1,0.030175,1.95,21.2,0.271,2.704,2990,0.847827,0.322469,0.470482,1.263933,0.363421,0.562637
0.097,0.029234,3.88,23.12,0.242,2.496,2325.6,0.269429,0.301635,0.196922,0.323164,0.174685,0.093725
0.107,0.032101,1.24,22.8,0.25,2.344,1893.7,0.318099,0.459346,0.14474,0.260069,0.159661,0.093803
0.094,0.02823,1.63,21.5,0.249,2.655,1661.1,0.203871,0.182182,0.272557,0.199044,0.217283,0.086659
0.098,0.029622,2.26,22.41,0.27,2.744,1495,0.42679,0.600679,0.773684,0.869817,0.465041,0.325247
0.101,0.030275,2.68,21.36,0.254,2.528,3554.8,0.327689,0.242556,0.410602,0.322242,0.218684,0.140395
0.095,0.02845,1.19,20.01,0.247,2.614,1328.9,0.219068,0.373479,0.26064,0.306871,0.157425,0.101663
0.1,0.030063,2.91,21.88,0.235,2.352,1627.9,0.387674,0.099251,0.100446,0.221447,0.256888,0.046718
0.123,0.037033,1.17,26.45,0.343,2.784,1760.8,0.18392,0.333867,0.271362,0.392818,0.197727,0.111887
0.096,0.028984,3.33,19.06,0.238,2.474,1495,0.288649,0.325584,0.134311,0.301943,0.171044,0.037171
0.104,0.031332,2.77,22.61,0.254,2.438,1561.5,0.141031,0.167777,0.288852,0.419116,0.223521,0.106744
0.098,0.029491,1.45,22.29,0.27,2.756,1760.8,0.274372,0.133668,0.530666,0.332845,0.148865,0.175322
0.115,0.034478,3.17,25.13,0.297,2.59,3388.7,0.253628,0.461335,0.179037,0.255937,0.246182,0.082244
0.095,0.028682,2.17,20.83,0.239,2.509,1694.4,0.486993,0.243118,0.68266,0.355677,0.165486,0.132474
0.114,0.034402,2.38,24.7,0.305,2.672,2491.7,0.411368,0.372858,0.310995,0.36952,0.189488,0.140561
0.128,0.038459,0.07,28.25,0.304,2.376,3388.7,0.20717,0.28465,0.086223,0.211918,0.135899,0.043957
0.13,0.039065,1.34,27.11,0.331,2.55,1561.5,0.374471,0.190029,0.174924,0.344684,0.269453,0.161631
0.11,0.032997,1.94,24.08,0.326,2.97,3089.7,0.336839,0.226546,0.488569,0.354364,0.16392,0.178524
0.1,0.030102,2.25,22.87,0.264,2.641,1794,0.226687,0.58575,0.147891,0.212655,0.073066,0.085545
0.101,0.030309,1.68,22.1,0.244,2.425,1362.1,0.214482,0.250732,0.392559,0.665117,0.126802,0.146024
0.103,0.030971,1.25,23.62,0.267,2.599,1162.8,0.261365,0.554092,0.286816,0.323832,0.17194,0.066193
0.094,0.028323,1.45,22.17,0.218,2.317,1661.1,0.441187,0.150552,0.390051,0.525835,0.244609,0.148346
0.103,0.031023,0.68,24.25,0.256,2.488,1495,0.450557,0.42101,0.16596,0.185408,0.109724,0.072289
0.122,0.0367,2.77,27.62,0.352,2.883,1860.5,0.302008,0.488285,0.16599,0.235711,0.045113,0.115222
0.097,0.02929,3.09,21.02,0.225,2.308,1760.8,0.384581,0.181946,0.202193,0.499637,0.544545,0.214085
0.095,0.028515,1.48,22.44,0.221,2.331,2558.1,0.183271,0.42096,0.320432,0.27461,0.136023,0.089657
0.103,0.030908,1.35,21.91,0.26,2.536,1328.9,0.310776,0.16136,0.126855,0.478822,0.336931,0.202387
0.099,0.029895,1.66,22.14,0.266,2.678,2059.8,0.289033,0.133034,0.162976,0.363301,0.073411,0.079445
0.1,0.030028,1.49,21.57,0.269,2.692,1561.5,0.342489,0.228314,0.276946,0.516609,0.306682,0.133546
0.113,0.034038,4.49,24.88,0.281,2.488,3222.6,0.259777,0.579815,0.091516,0.143083,0.15223,0.110995
0.102,0.030692,1.79,21.93,0.245,2.404,1827.2,0.276421,0.391173,0.356123,0.517396,0.124589,0.173278
0.098,0.029648,3.19,19.89,0.214,2.17,1661.1,0.426411,0.509725,0.461093,0.48206,0.202618,0.175173
0.106,0.031763,2.91,22.44,0.253,2.4,2823.9,0.289306,0.486108,0.093809,0.507732,0.221322,0.05604
0.093,0.027952,1.92,21.59,0.239,2.573,1827.2,0.244605,0.673019,0.121094,0.206726,0.210779,0.05471
0.099,0.029932,1.5,22.8,0.216,2.174,1694.3,0.316486,0.457783,0.084528,0.27762,0.217494,0.08699
0.1,0.029985,0.85,22.78,0.251,2.519,1627.9,0.163332,0.250384,0.419303,0.514615,0.18927,0.132678
0.097,0.029226,1.38,22.5,0.267,2.745,1760.8,0.73682,0.47472,0.740542,0.57157,0.271812,0.185013
0.1,0.030029,4.67,22.56,0.279,2.793,2624.6,0.323712,0.259892,0.251627,0.203336,0.130057,0.075878
0.117,0.035279,1.11,26.73,0.297,2.534,2026.6,0.367134,0.355591,0.268256,0.268693,0.066424,0.107065
0.096,0.028813,2.39,20.94,0.235,2.45,1727.6,0.297034,0.419297,0.574973,0.52246,0.097316,0.134874
0.119,0.035956,5.77,24.78,0.299,2.503,1860.5,0.936088,0.405294,0.684761,0.59012,0.544404,0.302171
0.108,0.032364,1.38,24.4,0.286,2.662,2757.5,0.457188,0.216579,0.221119,0.230823,0.176911,0.162825
0.097,0.029142,1.76,21.42,0.245,2.53,1827.2,0.180364,0.326064,0.218592,0.138122,0.224887,0.111961
0.095,0.028712,1,21.82,0.229,2.402,1328.9,0.230978,0.480233,0.27673,0.386563,0.193446,0.075079
0.102,0.030797,1.87,22.08,0.274,2.679,3355.5,0.201809,0.134238,0.168751,0.056462,0.085736,0.067788
0.121,0.03655,1.79,26.56,0.308,2.534,2491.7,0.418133,0.28039,0.32226,0.709485,0.210627,0.237803
0.125,0.037583,5.36,25.09,0.363,2.904,2358.8,0.213885,0.212331,0.460892,0.553736,0.184535,0.143174
0.105,0.031644,1.39,22.69,0.261,2.485,1495,0.526476,0.444052,0.202949,0.176503,0.170708,0.126217
0.126,0.03802,1.68,26.82,0.382,3.026,3056.5,0.265008,0.298202,0.498196,0.185417,0.250856,0.148126
0.096,0.029026,0.12,21.72,0.247,2.563,1295.7,0.255423,0.425227,0.304703,0.495704,0.167196,0.248747
0.101,0.030315,0.28,20.47,0.246,2.446,1760.8,0.13965,0.278623,0.402849,0.729789,0.199149,0.262768
0.105,0.031512,1.23,23.98,0.274,2.62,1495,0.371794,0.390062,0.348863,0.080856,0.064254,0.129847
0.099,0.029934,0.33,22.81,0.244,2.451,2059.8,0.188885,0.474582,0.065169,0.14716,0.283197,0.080331
0.128,0.038582,2.43,27.72,0.342,2.669,3455.2,0.354341,0.187586,0.420813,0.321156,0.088446,0.139465
0.128,0.038405,1.19,28.88,0.324,2.542,3388.7,0.211141,0.528298,0.117929,0.267919,0.231754,0.099648
0.099,0.029904,1.09,23.2,0.246,2.479,1827.2,0.251281,0.400377,0.235426,0.270451,0.12027,0.100175
0.116,0.035033,8.51,24.98,0.339,2.911,2491.7,0.285987,0.185196,0.12923,0.31518,0.204861,0.070126
0.126,0.037793,6.7,26.99,0.307,2.445,1860.5,0.325888,0.337982,0.433977,0.362856,0.143568,0.240374
0.095,0.02866,0.64,21.26,0.237,2.485,1727.6,0.615986,0.520406,0.397342,0.442674,0.29892,0.116789
0.106,0.031925,1.63,24.78,0.314,2.963,2325.6,0.343211,0.145481,0.305661,0.484396,0.150674,0.184915
0.099,0.029649,4.43,21.8,0.233,2.362,1694.4,0.441066,0.295518,0.201521,0.39774,0.14681,0.082931
0.099,0.02978,0.08,21.56,0.242,2.451,1561.5,0.367577,0.438125,0.398912,0.433519,0.236996,0.14006
0.096,0.029008,1.41,20.87,0.285,2.955,1860.5,0.203367,0.230834,0.499087,0.423803,0.230382,0.266103
0.101,0.03047,0.92,23.9,0.278,2.75,1594.7,0.299232,0.368542,0.262963,0.241191,0.115741,0.1033
0.099,0.029911,0.69,23.15,0.282,2.835,1328.9,0.157619,0.133416,0.286665,0.339551,0.200731,0.11247
0.096,0.028922,0.07,19.97,0.261,2.72,1794,0.187234,0.589128,0.152554,0.091114,0.122289,0.029167
0.125,0.037665,0.78,26.58,0.328,2.619,3388.7,0.247362,0.607596,0.373623,0.502336,0.067965,0.177405
0.096,0.029046,0.35,22.56,0.26,2.692,1362.1,0.685221,0.859473,0.4919,0.284984,0.252538,0.14394
0.098,0.029553,1.88,21.81,0.229,2.335,1727.6,0.919636,0.628335,0.701791,1.154998,0.483381,0.438992
0.097,0.029048,1.1,21.06,0.237,2.457,1926.9,0.028023,0.268299,0.246212,0.741414,0.184244,0.265775
0.099,0.029824,1.18,17.14,0.268,2.704,1528.2,1.166533,0.403799,1.100124,0.56632,0.332033,0.182384
0.098,0.029598,1.1,18.44,0.261,2.657,1926.9,0.328235,0.40248,0.075804,0.395818,0.214854,0.132027
0.096,0.028837,0.82,19.97,0.26,2.713,1760.8,0.31034,0.248089,0.2304,0.386666,0.119982,0.223523
0.101,0.030543,0.2,21.57,0.242,2.387,1328.9,0.415224,0.598846,0.213696,0.262135,0.224703,0.049494
0.127,0.038147,1.11,28.2,0.356,2.809,2591.4,0.247021,0.272628,0.236301,0.345,0.282091,0.120818
0.125,0.03762,0.69,27.78,0.378,3.027,1960.1,0.326082,0.514128,0.260109,0.279365,0.139932,0.129578
0.102,0.03069,0.21,21.48,0.24,2.349,1760.8,0.192427,0.355745,0.448186,0.334973,0.08161,0.164766
0.102,0.030709,1.25,23.17,0.236,2.312,1893.7,0.223864,0.409768,0.282266,0.214261,0.11183,0.099982
0.118,0.035403,4.48,22.16,0.271,2.301,2259.1,0.257899,0.547948,0.264289,0.308774,0.117941,0.106185
0.098,0.029368,1.03,21.49,0.236,2.42,1395.4,0.605599,0.25695,0.325976,0.311087,0.270176,0.171622
0.108,0.032425,4.96,23.27,0.309,2.872,2059.8,0.249455,0.410576,0.374604,0.458111,0.150518,0.261663
0.117,0.035192,5.36,26,0.325,2.782,2126.2,0.671331,0.570256,0.750336,0.713759,0.377857,0.262742
0.105,0.031684,1.83,23.54,0.275,2.611,2558.1,0.276782,0.401058,0.243149,0.321181,0.286987,0.090732
0.098,0.029478,1.7,22.13,0.24,2.454,1561.5,0.269468,0.166331,0.300536,0.711865,0.089089,0.345133
0.095,0.028671,0.2,21.84,0.257,2.7,1661.1,0.31511,0.16263,0.401385,0.1424,0.095424,0.134045
0.123,0.037164,2.87,22.94,0.357,2.888,1960.1,0.338564,0.275402,0.59028,0.414743,0.148941,0.203203
0.101,0.030309,2.96,21.95,0.29,2.88,1395.4,0.330336,0.262466,0.433273,0.803375,0.391036,0.198289
0.109,0.032747,7.84,23.94,0.262,2.405,2624.6,0.194206,0.241672,0.21807,0.747335,0.259446,0.230793
0.098,0.02959,1.23,21.16,0.247,2.514,1727.6,0.302425,0.411218,0.203326,0.20135,0.321529,0.146014
0.124,0.037472,7.22,26.54,0.324,2.599,3820.6,0.427948,0.371422,0.15863,0.29288,0.085511,0.095559
0.096,0.02877,3.38,21.18,0.253,2.646,1461.8,0.267956,0.383054,0.524418,0.422832,0.199811,0.265718
0.095,0.028591,1.62,21.03,0.257,2.708,1528.2,0.458698,0.439258,0.325679,0.47185,0.274856,0.224707
0.102,0.030831,1.15,21.61,0.281,2.746,1760.8,0.212419,0.273502,0.264675,0.566795,0.189931,0.247433
0.103,0.03102,3.44,21.61,0.28,2.715,1661.1,0.498978,0.620903,0.306755,0.238984,0.221175,0.063938
0.112,0.03379,3.56,25.56,0.286,2.551,3322.3,0.244692,0.136944,0.12364,0.122131,0.25891,0.065814
0.115,0.034569,7.62,24.74,0.302,2.629,1362.1,0.460467,0.353406,0.180075,0.245851,0.07956,0.149454
0.124,0.037196,8.05,26.98,0.338,2.735,1860.5,0.258922,0.370817,0.242179,0.204097,0.132816,0.053897
0.094,0.028323,1.35,20.43,0.256,2.723,1594.7,0.338111,0.247476,0.299213,0.268366,0.160256,0.064819
0.101,0.030366,3.2,21.99,0.287,2.846,1760.8,0.580318,1.174954,0.44775,0.522129,0.459111,0.234986
0.09,0.027104,0.07,20.23,0.276,3.06,1495,0.18085,0.562453,0.226079,0.25965,0.142419,0.113913
0.098,0.029583,0.79,20.92,0.234,2.378,1594.7,0.382468,0.527175,0.238539,0.141569,0.215747,0.169109
0.119,0.035682,2.02,26.73,0.333,2.806,2524.9,0.277814,0.093277,0.339902,0.273901,0.142542,0.163407
0.098,0.029555,2.57,20.9,0.249,2.535,1627.9,0.345719,0.385249,0.414375,0.209612,0.12617,0.111499
0.106,0.031858,3.63,23.48,0.273,2.58,3322.3,0.287462,0.408238,0.550846,0.280858,0.11636,0.128529
0.108,0.032477,5.57,23.52,0.273,2.532,2823.9,0.389305,0.924013,0.271394,0.321678,0.272316,0.12475
0.103,0.030947,1.23,22.71,0.24,2.331,1561.5,0.379734,0.201638,0.651036,0.713423,0.3516,0.312172
0.104,0.031318,2.07,22.77,0.258,2.482,3289,0.413942,0.429232,0.341677,0.228096,0.067408,0.333926
0.11,0.033182,6.04,23.62,0.265,2.4,2857.1,0.52511,0.402745,0.245545,0.36102,0.208823,0.09316
0.121,0.036336,6.99,26.04,0.292,2.419,2657.8,0.160686,0.303113,0.175622,0.241014,0.240254,0.084068
0.116,0.034892,1.44,26.39,0.311,2.685,1196,0.263269,0.318398,0.50897,0.363989,0.1159,0.217153
0.103,0.030866,2.88,21.01,0.256,2.496,1627.9,0.235265,0.212511,0.170646,0.199722,0.173854,0.066413
0.101,0.030306,0.09,22.97,0.266,2.647,1860.5,0.389103,0.319208,0.181012,0.090546,0.284164,0.149176
0.125,0.037511,1.42,26.9,0.319,2.556,4152.8,0.344109,0.220423,0.314144,0.745671,0.115398,0.277223
0.104,0.031159,1.93,23.66,0.295,2.854,1727.6,0.296885,0.39527,0.172072,0.213313,0.180109,0.117465
0.099,0.029918,2.08,22.38,0.26,2.613,1627.9,0.266264,0.338813,0.285899,0.23008,0.110133,0.128931
0.114,0.034388,3.94,23.78,0.287,2.508,1727.6,0.311123,0.339927,0.163109,0.295418,0.076757,0.123249
0.099,0.029701,2.31,22.26,0.265,2.688,2325.6,0.262241,0.134081,0.404333,0.393089,0.068147,0.196234
0.096,0.028913,0.58,21.98,0.242,2.524,1229.2,0.24896,0.282392,0.485168,0.410899,0.154271,0.190915
0.095,0.028657,3.7,21.4,0.262,2.753,1727.6,0.312256,0.290279,0.170612,0.441074,0.158221,0.09766
0.093,0.028001,2.8,20.16,0.265,2.844,1461.8,0.358862,0.478882,0.470791,0.4381,0.247843,0.066999
0.097,0.029255,4.43,20.42,0.267,2.752,1960.1,0.219908,0.160769,0.085316,0.086616,0.22772,0.093175
0.116,0.034985,0.28,26.32,0.289,2.487,3887,0.108915,0.254172,0.19404,0.198025,0.272351,0.076984
0.102,0.030772,1.34,22.78,0.271,2.651,1528.2,0.365465,0.496696,0.20687,0.618712,0.100258,0.1404
0.097,0.029201,2.3,21.86,0.279,2.871,1528.2,0.26648,0.163746,0.360841,0.328736,0.151582,0.138754
0.126,0.038045,3.09,27.77,0.33,2.612,3687.7,0.171893,0.126731,0.119799,0.116858,0.182792,0.075239
0.13,0.039265,0.2,27.83,0.292,2.24,1727.6,0.048543,0.127194,0.333066,0.146236,0.191047,0.06211
0.126,0.037909,3.85,27.66,0.302,2.402,1727.6,0.261749,0.267046,0.333069,0.306198,0.104948,0.066071
0.097,0.029064,5.24,21.44,0.239,2.474,1395.4,0.215489,0.154663,0.135824,0.042121,0.142035,0.041648
0.096,0.029002,3.28,21.86,0.255,2.641,1262.5,0.340606,0.237224,0.380663,0.385474,0.206579,0.215988
0.1,0.029958,0.52,21.55,0.258,2.597,1428.6,0.235242,0.342268,0.557637,0.27411,0.247027,0.175951
0.099,0.029936,0.6,19.15,0.265,2.663,1561.5,0.229979,0.235717,0.103658,0.066896,0.144177,0.02932
0.095,0.028481,1.87,21.7,0.236,2.49,1428.6,0.296259,0.484985,0.345185,0.233849,0.126183,0.133262
0.115,0.034641,3.8,26.38,0.349,3.029,1694.4,0.445437,0.278866,0.305613,0.306174,0.147547,0.105509
0.095,0.028602,1.7,20.88,0.263,2.763,1694.3,0.234812,0.289042,0.297298,0.098127,0.168429,0.107612
0.102,0.030755,2.63,23.93,0.28,2.74,1528.2,0.130442,0.12598,0.153505,0.245132,0.082793,0.121768
0.104,0.031435,1.5,24.79,0.256,2.448,2491.7,0.211331,0.332725,0.452207,0.157073,0.078242,0.023177
0.112,0.033716,0.33,26.22,0.31,2.769,3421.9,0.441741,0.310488,0.168688,0.48742,0.182613,0.159935
0.129,0.038706,1.55,29.53,0.362,2.818,1727.6,0.42428,0.505638,0.237711,0.348704,0.267689,0.138688
0.113,0.033952,3.86,26.65,0.283,2.512,2691,0.481477,0.605595,0.351416,0.588111,0.214144,0.186004
0.109,0.032848,2.72,24.04,0.277,2.54,1561.5,0.281138,0.442504,0.431818,0.559059,0.18401,0.161666
0.093,0.027891,0.42,19.7,0.247,2.665,1328.9,0.317116,0.603308,0.275659,0.129816,0.205556,0.080092
0.116,0.034963,3.32,27.51,0.341,2.938,2890.4,0.418286,0.403933,0.251848,0.325817,0.295744,0.127533
0.11,0.03322,4.71,26.6,0.318,2.88,3887,0.229217,0.074766,0.098198,0.166836,0.302018,0.040514
0.102,0.030585,4.29,21.64,0.242,2.379,2392,0.231086,0.096403,0.093036,0.126325,0.117044,0.114007
0.121,0.036407,0.74,28.21,0.284,2.348,1827.2,0.303014,0.311385,0.225962,0.418096,0.081844,0.14998
0.107,0.03217,4.24,23.22,0.269,2.518,2026.6,0.2816,0.315317,0.259868,0.435001,0.097778,0.157508
0.101,0.030538,3.12,22.79,0.275,2.713,1395.4,1.187909,0.624016,0.597425,0.616714,0.254215,0.24146
0.103,0.030858,5.92,23.23,0.286,2.791,3588,0.548649,0.195379,0.258131,0.142806,0.233414,0.093374
0.126,0.03799,4.19,30.21,0.324,2.567,2392,0.357079,0.570138,0.179945,0.197571,0.135777,0.04352
0.128,0.038675,3.37,27.04,0.33,2.568,2159.5,0.486584,0.367478,0.369221,0.134248,0.112354,0.14295
0.12,0.036053,9.44,26.39,0.344,2.87,3621.3,0.218863,0.172677,0.06676,0.079029,0.247203,0.029342
0.093,0.02799,0.77,19.89,0.236,2.538,1528.2,0.364544,0.324049,0.352838,0.410188,0.288298,0.156807
0.123,0.03711,5.38,28.58,0.335,2.719,2956.8,0.39993,0.114769,0.318114,0.248656,0.124255,0.148616
0.128,0.038665,1.71,28.56,0.303,2.361,2026.6,0.3585,0.28847,0.402939,0.451142,0.200817,0.216492
0.1,0.030217,1.57,22.98,0.282,2.805,1694.4,0.307216,0.307176,0.351558,0.383812,0.064685,0.140766
0.095,0.028608,2.29,22.23,0.252,2.65,1461.8,0.43067,0.121722,0.456485,0.163171,0.171468,0.116888
0.109,0.032829,2.65,23.67,0.266,2.435,1627.9,0.492626,0.259548,0.553992,0.499627,0.197766,0.161984
0.095,0.028527,4.39,21.91,0.222,2.347,2990,0.395952,0.503756,0.220934,0.344997,0.061809,0.065933
0.099,0.02968,2.03,22,0.269,2.724,1860.5,0.593458,0.394758,0.361637,0.518927,0.277898,0.24202
0.118,0.035458,0.01,27.17,0.375,3.181,1661.1,0.314076,0.250216,0.441598,0.622787,0.139304,0.083671
0.095,0.028707,0.22,18.48,0.252,2.642,1461.8,0.481069,0.308762,0.149771,0.360622,0.091964,0.199201
0.125,0.037528,6.47,28.05,0.329,2.635,1760.8,0.353054,0.442408,0.548199,0.157505,0.198286,0.104232
0.114,0.034462,4.05,23.9,0.277,2.42,1860.5,0.287306,0.482407,0.324237,0.214761,0.129739,0.125356
0.092,0.027839,1.73,19.83,0.252,2.721,1328.9,0.162996,0.170553,0.195485,0.233978,0.278778,0.077224
0.12,0.03626,5.38,24.87,0.318,2.636,1428.6,0.322716,0.1259,0.503908,0.36752,0.258284,0.200787
0.097,0.029187,0.47,20.95,0.278,2.866,1694.3,0.237317,0.290018,0.233169,0.29837,0.280264,0.120112
0.092,0.027761,3.46,21.34,0.26,2.818,1627.9,0.273096,0.458762,0.203809,0.578599,0.197992,0.198127
0.1,0.029987,0.83,21.43,0.24,2.414,1727.6,0.421498,0.152755,0.116602,0.333876,0.19061,0.13619
0.097,0.029145,3.37,22.18,0.275,2.838,1495,0.308302,0.309882,0.217846,0.392865,0.113241,0.148355
0.101,0.030272,3.13,21.73,0.265,2.63,1362.1,0.247124,0.215683,0.228184,0.462513,0.11558,0.178774
0.093,0.02796,1.11,20.57,0.264,2.841,1295.7,0.42349,0.324296,0.521938,0.259058,0.227181,0.150806
0.099,0.029651,3.47,23.19,0.255,2.586,2724.3,0.264229,0.152422,0.073731,0.182477,0.239739,0.045518
0.12,0.036135,3.91,26.91,0.319,2.654,2425.2,0.446804,0.15375,0.328702,0.269769,0.229499,0.14234
0.101,0.030414,0.16,21.64,0.268,2.652,1594.7,0.19326,0.070183,0.140876,0.134349,0.234836,0.078337
0.096,0.028927,2.6,22.49,0.283,2.942,1860.5,0.335294,0.284979,0.193324,0.21192,0.11182,0.106097
0.096,0.02891,2.9,22.73,0.254,2.65,1694.3,0.225726,0.153867,0.079568,0.109991,0.140134,0.0787
0.11,0.033218,2.52,25.61,0.339,3.072,2325.6,0.321774,0.359425,0.28092,0.208037,0.313732,0.043422
0.13,0.039038,2.45,28.36,0.349,2.689,2259.1,0.246774,0.158888,0.197785,0.163205,0.284034,0.082513
0.106,0.031817,4.83,23.86,0.28,2.65,2325.6,0.537268,0.275276,0.443133,0.448198,0.223353,0.221852
0.112,0.033764,3.6,25.97,0.339,3.024,1627.9,0.228435,0.146573,0.126296,0.141799,0.101282,0.040212
0.105,0.031588,6.5,25.86,0.271,2.582,1893.7,0.544436,0.247623,0.31444,0.434439,0.21291,0.154348
0.1,0.030159,3.17,22.91,0.28,2.791,1528.2,0.338011,0.148307,0.226971,0.333995,0.105439,0.097947
0.127,0.038127,1.74,27.12,0.313,2.471,4053.2,0.359744,0.118952,0.188699,0.2449,0.236328,0.132279
0.095,0.028519,3.43,21.22,0.313,3.307,1727.6,0.312391,0.214787,0.182142,0.437186,0.238803,0.224342
0.093,0.027929,2.83,21.79,0.238,2.57,1229.2,0.226548,0.201417,0.192021,0.235454,0.215519,0.104523
0.11,0.033159,3.45,25.94,0.338,3.069,1661.1,0.170838,0.246445,0.387568,0.568916,0.224286,0.163046
0.101,0.030482,1.85,22.97,0.261,2.574,1428.6,0.459048,0.224114,0.19048,0.272706,0.207805,0.126353
0.123,0.037163,5.13,27.61,0.29,2.348,3388.7,0.517412,0.153127,0.220214,0.400578,0.168661,0.152665
0.108,0.032625,1.28,24.82,0.307,2.828,1594.7,0.240177,0.452481,0.179702,0.142256,0.30683,0.09081
0.12,0.036175,0.14,28.48,0.305,2.54,3388.7,0.189235,0.132219,0.641285,0.532771,0.128619,0.358612
0.095,0.028675,0.77,22.29,0.248,2.601,1594.7,0.265716,0.267282,0.188399,0.278661,0.093635,0.101738
0.126,0.037875,3.68,26.19,0.311,2.469,1661.1,0.370051,0.366731,0.368937,0.279882,0.159316,0.133317
0.113,0.034098,6.82,25.38,0.313,2.765,1661.1,0.825053,0.412317,0.195627,0.497636,0.176629,0.10912
0.111,0.033495,4.9,20.43,0.284,2.556,2790.7,0.408776,0.053922,0.117751,0.35063,0.167568,0.094864
0.095,0.028497,2.02,18.66,0.243,2.568,1229.2,0.691305,0.567074,0.663257,0.793323,0.349929,0.424172
0.109,0.032736,4.27,21.43,0.309,2.844,3122.9,0.591476,1.080777,0.063199,0.810607,0.394627,0.167376
0.091,0.02741,0.04,21.38,0.209,2.293,2491.7,0.387354,0.319436,0.428589,0.168071,0.283775,0.185413
0.107,0.032292,5.76,23.91,0.266,2.478,3554.8,0.297186,0.496529,0.201676,0.174527,0.256686,0.069273
0.104,0.031154,2,22.5,0.29,2.805,1661.1,0.341207,0.427455,0.334042,0.357306,0.375426,0.249085
0.093,0.028079,1.58,19.29,0.246,2.639,2159.5,0.531279,0.344565,0.495509,0.278423,0.175476,0.145002
0.099,0.029707,1.63,22.89,0.251,2.539,1727.6,0.563833,0.429331,0.154173,0.497554,0.421045,0.19914
0.101,0.030528,1.93,21.66,0.28,2.765,2724.3,0.224215,0.306822,0.473409,0.313101,0.326614,0.115249
0.099,0.029703,6.08,19.68,0.253,2.565,2093,0.344867,0.168273,0.075836,0.419053,0.136649,0.090212
0.098,0.029477,1.96,19.28,0.255,2.605,1362.1,0.327164,0.107789,0.245356,0.224704,0.339011,0.04526
0.115,0.034653,0.51,24.08,0.357,3.097,3355.5,0.595315,0.321271,0.260067,0.242648,0.193108,0.090308
0.095,0.028574,0.31,19.92,0.263,2.774,1827.2,0.189238,0.307524,0.414517,0.402254,0.129949,0.23588
0.111,0.033319,5.9,22.12,0.312,2.82,3488.4,0.353683,0.165077,0.202113,0.297875,0.285207,0.119906
0.097,0.029129,2,21.71,0.279,2.885,1827.2,0.734795,1.126141,0.42195,0.410249,0.588156,0.109169
0.103,0.030948,3.64,20.8,0.275,2.67,2691,0.519388,0.873546,0.468781,0.579254,0.206346,0.322312
0.104,0.031251,3.55,22.29,0.277,2.667,1328.9,0.145156,0.175539,0.195993,0.605886,0.491442,0.201694
0.092,0.02777,0.13,19.31,0.252,2.73,1328.9,0.27243,0.670833,0.09525,0.174019,0.169608,0.077703
0.102,0.030694,0.66,20.58,0.243,2.38,1960.1,0.456547,0.155749,0.312909,0.229653,0.060931,0.083503
0.13,0.039089,0.31,26.82,0.352,2.71,2790.7,0.267836,0.418636,0.253969,0.310513,0.212,0.138997
0.097,0.029244,0.02,20.45,0.257,2.646,1794,0.78963,0.833708,1.137147,1.66929,0.67597,0.241367
0.104,0.031353,0.27,21.98,0.233,2.234,2591.4,0.201886,0.448102,0.361536,0.402122,0.388518,0.054665
0.121,0.03646,6.34,24.7,0.303,2.498,3089.7,0.406028,0.263968,0.651927,0.539136,0.287411,0.097017
0.124,0.037426,4.42,25.25,0.383,3.081,1661.1,0.160872,0.155392,0.081939,0.073191,0.329703,0.079107
0.1,0.030216,1.28,19.96,0.268,2.668,1561.5,0.27603,0.211535,0.272027,0.344288,0.133847,0.134268
0.129,0.038687,0.65,24.47,0.331,2.575,2524.9,0.262427,0.420217,0.458468,0.287521,0.140211,0.264563
0.116,0.034815,0.64,22.7,0.323,2.792,2325.6,0.693457,0.205867,0.127685,0.287757,0.154863,0.054534
0.118,0.035439,6.55,24.1,0.312,2.649,2292.4,0.322509,0.35559,0.359831,0.483083,0.154699,0.19673
0.126,0.037941,1.45,25.13,0.327,2.597,2059.8,0.262153,0.317497,0.326585,0.318706,0.30883,0.124225
0.119,0.035946,2.12,23.02,0.317,2.651,3388.7,0.569726,0.542243,0.336147,0.416699,0.078838,0.075029
0.11,0.033069,3.03,21.52,0.282,2.57,2159.5,0.176622,0.246619,0.258668,0.260532,0.140096,0.064347
0.129,0.038732,2.67,25.81,0.36,2.794,4418.6,0.191426,0.393748,0.131684,0.169172,0.178429,0.087663
0.108,0.032656,2.55,21.69,0.307,2.827,3687.7,0.235848,0.64416,0.157166,0.191911,0.062647,0.132159
0.097,0.029266,0.68,20.62,0.268,2.758,1827.2,0.674492,0.41981,0.362441,0.492236,0.314598,0.203738
0.108,0.032422,3.81,21.83,0.283,2.63,3189.4,0.260011,0.542706,0.159718,0.216392,0.074729,0.037233
0.101,0.030482,0.81,19.97,0.278,2.75,1262.5,0.831832,0.877828,0.343786,0.37713,0.636201,0.335521
0.096,0.028853,0.73,19.75,0.261,2.719,2890.4,0.287422,0.276943,0.166008,0.23822,0.195869,0.024722
0.105,0.031745,1.62,21.14,0.312,2.962,1694.4,0.105435,0.312277,0.311752,0.154241,0.068394,0.128217
0.105,0.031745,2.41,22.46,0.261,2.478,1926.9,0.24223,0.55897,0.309137,0.496832,0.173054,0.184832
0.101,0.0303,0.18,21.01,0.255,2.528,1362.1,0.496455,0.444987,0.301821,0.108982,0.153128,0.202021
0.098,0.029634,0.9,19.85,0.244,2.483,1827.2,0.582911,0.805519,0.290036,0.244589,0.160648,0.097122
0.108,0.032375,2.87,21.06,0.263,2.45,1627.9,0.205881,0.539811,0.1742,0.269979,0.157743,0.128279
0.099,0.02979,0.1,20.08,0.253,2.558,2093,0.265726,0.589251,0.167092,0.20746,0.088463,0.092135
0.1,0.03002,0.7,20.78,0.272,2.723,1461.8,0.721918,0.518717,0.370245,0.457825,0.399762,0.072351
0.1,0.029953,2.89,19.97,0.296,2.972,1960.1,0.54951,0.718087,0.8746,0.642156,0.323642,0.233244
0.106,0.031764,0.84,21.67,0.285,2.696,3222.6,0.326094,0.574046,0.242666,0.226165,0.1306,0.045666
0.122,0.036838,4.67,22.83,0.312,2.55,2491.7,0.342786,0.2796,0.32668,0.442624,0.144932,0.195152
0.102,0.030688,0.34,20.35,0.274,2.684,1594.7,0.265131,0.306098,0.266024,0.214144,0.307642,0.129117
0.123,0.037045,2.63,23.92,0.328,2.663,2790.7,0.323113,0.340476,0.222142,0.173982,0.054886,0.066127
0.116,0.034962,3.97,23.03,0.304,2.616,1926.9,0.66093,0.537298,0.25875,0.117859,0.167902,0.148578
0.108,0.03258,5.94,21.82,0.262,2.42,2159.5,0.249851,0.428461,0.346583,0.373568,0.26129,0.17606
0.099,0.029662,0.31,20.43,0.233,2.363,1295.7,0.192166,0.527076,0.165904,0.379559,0.188046,0.20181
0.125,0.037518,0.98,24.03,0.322,2.581,2990,0.392679,0.29458,0.289222,0.353217,0.174533,0.079242
0.094,0.028388,0.75,19.37,0.248,2.632,1295.7,0.153616,0.588984,0.172648,0.177219,0.050496,0.05417
0.105,0.031572,2.32,20.86,0.288,2.75,1827.2,0.22937,0.454772,0.341444,0.334898,0.083291,0.068566
0.101,0.030504,1.68,20.31,0.291,2.875,1495,0.4299,0.277733,0.561427,0.374304,0.10217,0.223923
0.128,0.038462,1.44,25.92,0.395,3.09,3521.6,0.272984,0.455101,0.421005,0.480305,0.119924,0.214914
0.123,0.037042,1.22,25.67,0.323,2.626,2026.6,0.481376,0.263902,0.235773,0.352784,0.157986,0.053293
0.092,0.027781,0.26,18.68,0.237,2.566,1461.8,0.406221,0.387116,0.077878,0.281205,0.098877,0.117992
0.117,0.035271,1.8,24.21,0.289,2.467,2026.6,0.479447,0.424028,0.237035,0.195779,0.094128,0.101467
0.117,0.035225,2.5,25.02,0.31,2.652,2126.3,0.204877,0.510562,0.306584,0.41703,0.101934,0.186198
0.103,0.031022,1.19,20.98,0.259,2.513,1461.8,0.572537,0.512864,0.330158,0.345817,0.148412,0.171745
0.123,0.037071,1.11,25.32,0.319,2.588,2857.1,0.242633,0.495949,0.297419,0.257151,0.091917,0.098989
0.101,0.030411,1.5,20.19,0.247,2.441,1362.1,0.293113,0.542594,0.533402,0.526462,0.420976,0.160042
0.11,0.033054,3.33,23.47,0.288,2.626,2823.9,0.415266,0.46581,0.104965,0.164703,0.157695,0.086534
0.094,0.028425,1.46,19.64,0.255,2.698,1461.8,0.654479,0.949211,0.255605,0.732024,0.384784,0.139166
0.101,0.03039,2.78,21.82,0.281,2.786,2591.4,0.328707,0.29643,0.367495,0.475179,0.162824,0.199634
0.096,0.028983,1.22,19.26,0.254,2.637,1594.7,0.365026,0.266288,0.444952,0.244735,0.203411,0.095116
0.119,0.035969,2.72,24.74,0.291,2.439,3554.8,0.439156,0.381785,0.214322,0.22456,0.092428,0.102973
0.127,0.038317,4.38,24.39,0.32,2.512,1627.9,0.358037,0.333768,0.41466,0.458006,0.089439,0.162758
0.113,0.034059,3.62,24.24,0.308,2.718,1627.9,0.242141,0.593666,0.258607,0.318088,0.053962,0.132652
0.1,0.030133,0.88,20.14,0.252,2.517,1661.1,0.368985,0.402242,0.171455,0.213755,0.230059,0.053301
0.102,0.030697,0.79,20.95,0.237,2.32,1395.4,0.150243,0.589252,0.231763,0.292602,0.108298,0.119108
0.095,0.028719,0.91,19.32,0.211,2.212,1328.9,0.704836,0.631663,0.327122,0.30135,0.123982,0.136768
0.112,0.0336,6.05,22.91,0.273,2.449,2724.3,0.432807,0.352353,0.473208,0.640121,0.320187,0.101958
0.098,0.029534,1.18,21.87,0.23,2.344,2491.7,0.567771,0.294804,0.303648,0.33491,0.185836,0.135026
0.112,0.033585,6.95,22.74,0.309,2.766,2159.5,0.193583,0.332415,0.37167,0.5362,0.092581,0.16082
0.101,0.030353,0.4,20.52,0.282,2.799,1594.7,0.39583,0.327943,0.292151,0.246049,0.097735,0.135894
0.129,0.038859,2.2,25.92,0.322,2.495,2458.5,0.323971,0.408577,0.277715,0.218126,0.114471,0.062221
0.125,0.037548,2.78,24.92,0.361,2.892,1627.9,0.475122,0.568584,0.079722,0.137978,0.147327,0.06352
0.101,0.030506,0.08,21.19,0.27,2.659,1794,0.292758,0.411573,0.673097,0.574625,0.112215,0.275738
0.111,0.033508,3.42,21.2,0.293,2.634,1993.4,0.23496,0.192143,0.28703,0.385993,0.193344,0.172485
0.096,0.028864,1.82,19.21,0.252,2.625,1295.7,0.244816,0.453593,0.071762,0.038071,0.206307,0.06782
0.097,0.029162,1.11,19.17,0.259,2.677,1328.9,0.382949,0.402242,0.266696,0.212208,0.074024,0.129074
0.098,0.029511,2.34,19.55,0.234,2.386,1395.4,0.295227,0.235225,1.232336,0.794695,0.278369,0.400473