Irms,Irms_voltage,P,Q,Ipeak,CF,max_di_dt
0.115,0.034503,2.15,24.96,0.303,2.643,3222.6
0.132,0.039803,1.86,28.55,0.304,2.298,3887
0.119,0.03568,2.9,25.83,0.361,3.048,3455.1
0.119,0.035923,8.99,24.17,0.51,4.271,3355.5
0.107,0.032279,12.09,20.59,0.458,4.274,2624.6
0.115,0.034625,10.26,23.5,0.472,4.107,3488.4
0.103,0.031146,8.81,20.52,0.443,4.285,2325.6
0.103,0.030939,11.18,19.35,0.514,5.001,3554.8
0.142,0.042675,10.95,28.14,0.601,4.238,3488.4
0.11,0.033042,8.38,22.89,0.455,4.143,2990
0.126,0.037969,9.82,24.95,0.478,3.786,3189.4
0.118,0.035459,8.39,24.48,0.447,3.792,2657.8
0.118,0.035452,11.11,23.79,0.488,4.14,2990
0.124,0.037344,12.5,24.14,0.532,4.284,3754.2
0.109,0.032932,13.09,19.67,0.478,4.366,3488.4
0.108,0.032508,8.89,21.39,0.428,3.96,2657.8
0.107,0.032287,13.49,19.38,0.483,4.507,3023.3
0.114,0.034239,13.15,22.19,0.496,4.361,3521.6
0.128,0.038498,12.99,25.35,0.488,3.816,3122.9
0.131,0.039368,12.53,25.81,0.517,3.954,3322.3
0.117,0.035327,13.32,22.18,0.529,4.51,3754.1
0.125,0.037529,12.55,24.47,0.508,4.071,4119.6
0.101,0.030535,8.46,21.13,0.424,4.184,2358.8
0.119,0.035677,9.12,23.8,0.489,4.128,2425.2
0.108,0.032397,10.01,20.87,0.429,3.982,2591.4
0.127,0.038292,8.36,26.25,0.494,3.887,3521.6
0.118,0.035609,11.65,23.4,0.445,3.764,2159.5
0.119,0.035718,13.39,21.83,0.459,3.868,2823.9
0.12,0.036131,13.7,22.88,0.388,3.236,3621.3
0.102,0.030731,11.03,19.84,0.479,4.692,3023.3
0.132,0.039653,12.69,25.65,0.547,4.151,3654.5
0.128,0.038548,9.69,26.35,0.494,3.856,3455.2
0.103,0.031086,11.68,19.53,0.476,4.61,2757.5
0.11,0.033113,13.08,20.89,0.454,4.13,2990
0.102,0.030657,11.65,19.36,0.45,4.416,3455.1
0.109,0.032909,10.24,21.07,0.524,4.795,2956.8
0.108,0.032482,7.07,22.88,0.448,4.154,2823.9
0.102,0.030687,10.35,20.09,0.484,4.745,2425.2
0.103,0.030914,10.53,19.53,0.46,4.483,2591.4
0.114,0.034201,12.04,20.89,0.54,4.752,3322.3
0.101,0.030506,10.19,19.99,0.427,4.21,2624.6
0.112,0.033791,9.41,22.12,0.49,4.365,3023.3
0.106,0.031976,8.4,22.08,0.414,3.894,2890.4
0.11,0.033057,8.5,22.59,0.469,4.274,2524.9
0.104,0.031311,8.52,21.39,0.427,4.104,3122.9
0.113,0.034153,8.23,23.16,0.47,4.141,3455.2
0.113,0.033878,7.56,23.13,0.447,3.968,3189.4
0.107,0.03218,8.12,22.63,0.48,4.488,2624.6
0.103,0.03096,8.83,20.42,0.458,4.453,2657.8
0.111,0.033529,8.63,22.37,0.461,4.142,2026.6
0.126,0.038003,11.22,24.87,0.516,4.087,3521.6
0.104,0.031379,7.88,21.47,0.43,4.129,2259.1
0.105,0.031539,9.43,20.75,0.413,3.943,2458.5
0.105,0.031595,8.22,21.39,0.44,4.188,3056.5
0.121,0.036394,11.5,24.28,0.469,3.878,3521.6
0.11,0.033124,10.54,22.41,0.463,4.206,3023.3
0.118,0.035551,8.96,24.51,0.487,4.119,4418.6
0.1,0.030056,9.44,19.39,0.409,4.095,2491.7
0.103,0.031107,8.06,21.23,0.455,4.4,2790.7
0.12,0.036065,9.03,24.63,0.384,3.208,2691
0.104,0.03121,9.82,20.91,0.405,3.911,3056.5
0.106,0.031933,11.25,20.49,0.556,5.242,2757.5
0.111,0.033453,9.52,22.9,0.429,3.858,3156.1
0.11,0.033115,7.37,23.34,0.471,4.28,2225.9
0.109,0.032801,9.7,22.14,0.484,4.442,2225.9
0.11,0.033172,11.84,20.35,0.436,3.953,2724.2
0.125,0.037693,12.72,24.17,0.477,3.81,3322.3
0.111,0.033334,7.41,22.8,0.451,4.071,2624.6
0.116,0.034823,8.91,23.19,0.479,4.143,3023.3
0.104,0.03142,10.62,20.82,0.456,4.368,3023.3
0.105,0.031743,8.93,21.46,0.435,4.124,2026.6
0.124,0.037254,14.89,22.23,0.376,3.041,2890.4
0.113,0.033988,9.17,24.2,0.454,4.023,2292.4
0.124,0.037298,10.96,25.02,0.434,3.505,2923.6
0.12,0.035997,8.01,24.16,0.447,3.736,3156.1
0.101,0.030432,10.2,19.71,0.449,4.439,2990
0.103,0.030897,11.11,19.11,0.451,4.394,3222.6
0.106,0.031916,11.36,20.32,0.493,4.652,2657.8
0.134,0.040439,11.42,26.73,0.586,4.362,2790.7
0.113,0.033977,8.32,23.18,0.459,4.066,2790.7
0.123,0.037026,12.17,23.47,0.509,4.141,2823.9
0.108,0.032557,9.61,21.87,0.438,4.05,2458.5
0.105,0.03159,9.54,21.14,0.438,4.178,3754.2
0.108,0.032486,9.34,21.5,0.43,3.981,2624.6
0.108,0.032397,11.01,20.37,0.455,4.224,2790.7
0.111,0.033261,8.53,22.68,0.474,4.289,2923.6
0.145,0.043535,9.68,30.59,0.555,3.839,2823.9
0.122,0.036619,13.82,22.73,0.545,4.481,3355.5
0.122,0.03681,9.28,24.42,0.569,4.654,2757.5
0.116,0.034959,7.9,24.66,0.472,4.064,2524.9
0.104,0.031352,11.7,19.51,0.499,4.79,2358.8
0.108,0.032359,7.71,21.77,0.429,3.989,2059.8
0.101,0.030265,8.72,20.63,0.469,4.663,2558.1
0.107,0.032243,9.27,21.17,0.454,4.234,2325.6
0.118,0.035449,9.06,24.61,0.47,3.991,2823.9
0.118,0.035421,10.87,23.5,0.523,4.444,3887
0.134,0.040267,13.29,27.02,0.602,4.499,2890.4
0.111,0.033559,8.79,22.7,0.463,4.154,2458.5
0.101,0.030363,9.22,19.35,0.448,4.442,3089.7
0.1,0.029967,9.57,18.81,0.423,4.253,2491.7
0.111,0.033384,8.84,21.84,0.469,4.227,2524.9
0.105,0.031706,7.3,22.32,0.45,4.277,2558.1
0.108,0.032523,7.92,22.4,0.417,3.857,2126.3
0.108,0.03247,11.26,20.2,0.487,4.517,2890.4
0.11,0.033074,9.01,23.07,0.45,4.1,2059.8
0.107,0.032121,8.68,22.08,0.504,4.723,2392
0.113,0.033866,9.21,23.21,0.49,4.359,2458.5
0.124,0.037307,10.45,24.88,0.526,4.241,2790.7
0.102,0.03057,9.63,19.97,0.434,4.27,2790.7
0.101,0.030459,8.96,20.87,0.441,4.358,1827.2
0.1,0.030034,9.41,20.19,0.455,4.561,2624.6
0.103,0.030968,9.92,20.15,0.443,4.304,3322.3
0.114,0.034299,9.88,22.63,0.457,4.014,2325.6
0.115,0.034634,10.15,22.88,0.465,4.045,3289
0.109,0.032661,5.65,23.72,0.434,4.004,2292.4
0.11,0.033166,7.89,23.01,0.491,4.453,2392
0.115,0.034624,9.15,23.88,0.449,3.9,3023.3
0.128,0.038579,11.85,24.48,0.494,3.851,2491.7
0.106,0.031933,9.6,20.54,0.501,4.718,2591.4
0.11,0.033018,9.15,21.97,0.497,4.53,3122.9
0.114,0.034218,8.92,22.59,0.657,5.78,3953.5
0.108,0.03238,10.85,21.34,0.471,4.374,2691
0.109,0.032688,11.18,20.83,0.436,4.016,2192.7
0.105,0.031495,11.63,19.06,0.506,4.835,2558.1
0.115,0.034632,10.09,23.39,0.453,3.933,2790.7
0.102,0.03063,9.03,20.16,0.453,4.448,2558.1
0.112,0.033853,7.83,22.29,0.446,3.967,2890.4
0.121,0.036497,8.28,24.25,0.513,4.231,3488.4
0.108,0.032657,8.88,21.12,0.476,4.386,2425.2
0.11,0.03306,11.62,20.92,0.485,4.412,2990
0.112,0.033736,8.01,22.21,0.464,4.141,2624.6
0.108,0.032542,8.24,21.89,0.468,4.328,3222.6
0.103,0.030992,9.22,20.02,0.472,4.586,2259.1
0.106,0.031783,9.94,21.14,0.499,4.723,2890.4
0.131,0.039444,12.12,24.47,0.524,3.997,3322.3
0.11,0.033171,8.37,21.82,0.497,4.511,2225.9
0.112,0.033783,7.94,22.53,0.457,4.074,2956.8
0.106,0.031888,9.12,20.88,0.409,3.864,2425.2
0.104,0.03125,11.24,19.21,0.405,3.898,2990
0.122,0.03672,9.91,24.48,0.557,4.566,2790.7
0.112,0.033732,9.16,21.8,0.458,4.089,2624.6
0.114,0.034412,6.02,24.05,0.482,4.218,2425.2
0.1,0.030217,2.45,22.08,0.461,4.594,2059.8
0.111,0.033458,9.28,21.84,0.516,4.642,2524.9
0.1,0.030001,2.89,22.04,0.4,4.016,3355.5
0.107,0.032144,11.83,18.99,0.441,4.134,4252.5
0.125,0.037602,14.28,22.04,0.559,4.474,3787.4
0.137,0.041176,16.97,25.02,0.549,4.011,3621.3
0.133,0.039911,11.27,24.88,0.613,4.621,3421.9
0.134,0.040207,14.17,24.05,0.555,4.154,4518.3
0.141,0.042292,13.84,25.6,0.526,3.741,4717.6
0.135,0.04058,13.64,24.68,0.585,4.343,4019.9
0.147,0.044158,14.89,27.04,0.655,4.467,6146.2
0.135,0.040696,13.88,25.21,0.531,3.929,3887
0.143,0.042959,14.92,26.18,0.781,5.472,7541.5
0.148,0.044524,18.41,27.03,0.53,3.581,4485
0.136,0.040917,13.12,24.47,0.558,4.108,4451.8
0.142,0.042624,14.8,26.19,0.557,3.936,4717.6
0.134,0.040382,14.84,23.94,0.648,4.83,4086.4
0.145,0.043705,12.62,27.5,0.51,3.512,3222.6
0.144,0.043483,16.25,25.83,0.554,3.835,3720.9
0.144,0.04336,17.41,25.98,0.545,3.787,3621.3
0.147,0.04415,17.06,25.61,0.563,3.84,3953.5
0.141,0.042348,14.76,24.94,0.632,4.491,5880.4
0.146,0.043978,17.34,25.9,0.596,4.082,4119.6
0.149,0.044769,17.66,27.07,0.641,4.307,4352.2
0.141,0.042437,13.39,25.96,0.577,4.095,4584.7
0.146,0.044023,16.41,26.01,0.568,3.886,4717.6
0.149,0.044991,18.56,27.23,0.596,3.989,3986.7
0.149,0.044862,16.65,27.78,0.553,3.711,3720.9
0.145,0.043724,17.22,26.58,0.526,3.618,3654.5
0.143,0.043166,15.59,25.95,0.599,4.178,4518.3
0.136,0.040875,13.38,24.17,0.531,3.911,3322.3
0.15,0.045142,7.7,30.7,0.606,4.037,4883.7
0.142,0.042611,16.14,25.6,0.565,3.991,3289
0.143,0.042948,14.9,25.82,0.674,4.724,3521.6
0.132,0.039748,15.71,24.24,0.538,4.07,3322.3
0.142,0.042637,17.16,25.54,0.563,3.978,7508.3
0.138,0.0414,15.12,24.49,0.518,3.767,3820.6
0.144,0.043467,16.28,26.18,0.568,3.933,3355.5
0.136,0.040902,16.58,25.04,0.525,3.866,3255.8
0.134,0.040444,14.27,24.75,0.524,3.901,4186
0.122,0.03674,10.44,22.18,0.51,4.181,5116.3
0.114,0.034423,10.37,21.84,0.48,4.199,3687.7
0.148,0.044632,17.1,26.45,0.506,3.416,5880.4
0.138,0.041514,15.48,24.47,0.562,4.073,3853.8
0.122,0.036618,12.08,22.74,0.644,5.293,3388.7
0.136,0.041082,16.68,23.82,0.572,4.187,3189.4
0.141,0.042347,15.08,25.45,0.559,3.977,5083.1
0.127,0.038259,13.54,23.26,0.51,4.009,3089.7
0.104,0.03139,11.51,19.27,0.45,4.319,4817.3
0.111,0.033528,10.47,20.78,0.501,4.502,4119.6
0.11,0.033238,12.53,20.04,0.553,5.007,5149.5
0.108,0.032489,11.28,19.78,0.488,4.521,2757.5
0.132,0.039677,11.32,24.18,0.518,3.927,4717.6
0.129,0.038825,4.16,27.1,0.618,4.79,6544.9
0.103,0.031094,9.54,19.66,0.45,4.358,3754.1
0.123,0.036958,12.87,21.32,0.618,5.029,5714.3
0.107,0.032139,11.29,20.4,0.494,4.628,2990
0.118,0.035603,14.71,22.15,0.483,4.082,2857.1
0.107,0.032146,11.59,19.65,0.459,4.3,4983.4
0.107,0.032208,12.25,19.53,0.675,6.308,7707.6
0.107,0.032279,2.76,23.03,0.42,3.914,4086.4
0.103,0.0311,6.86,20.31,0.773,7.482,7142.9
0.121,0.036428,12.75,23.31,0.554,4.574,5249.2
0.105,0.031663,9.91,19.47,0.45,4.282,3654.5
0.125,0.037534,14.28,22.85,0.667,5.352,4717.6
0.113,0.033888,12.83,20.98,0.498,4.423,3920.3
0.103,0.030969,9.14,19.93,0.487,4.733,2857.1
0.107,0.032084,10.83,19.87,0.455,4.266,3421.9
0.107,0.032166,10.13,20.35,0.711,6.651,6976.7
0.105,0.031504,0.42,22.32,0.48,4.584,3322.3
0.112,0.033657,12.15,20.86,0.534,4.774,3056.5
0.138,0.04165,15.45,25.18,0.598,4.319,5581.4
0.11,0.032978,12.19,20.46,0.608,5.553,6611.3
0.114,0.034432,8.76,21.45,0.507,4.431,4485
0.111,0.033456,10.91,21.45,0.606,5.456,4551.5
0.1,0.0301,9.44,19,0.385,3.853,3189.4
0.131,0.039359,15.27,23.81,0.625,4.783,4551.5
0.104,0.031304,10.64,19.61,0.465,4.472,2591.4
0.108,0.032627,10.57,20.72,0.748,6.899,7375.4
0.103,0.031132,12.59,19.33,0.455,4.401,4352.2
0.126,0.037939,9.12,26.03,0.476,3.777,3255.8
0.105,0.03163,0.2,22.45,0.428,4.07,4086.4
0.11,0.033109,9.29,21.24,0.844,7.671,7973.4
0.105,0.031516,8.01,20.17,0.659,6.294,6378.7
0.132,0.039664,14.74,24.62,0.678,5.145,5714.3
0.107,0.032281,11.97,20.43,0.463,4.317,4318.9
0.118,0.035598,9.92,22.2,0.533,4.504,6013.3
0.106,0.031857,10.65,20.73,0.461,4.357,4318.9
0.112,0.03381,11.89,21.49,0.524,4.662,5814
0.1,0.030195,10.47,19.65,0.439,4.38,2425.2
0.114,0.034352,12.05,22.16,0.503,4.41,5215.9
0.108,0.032466,9.87,19.9,0.486,4.504,4717.6
0.127,0.038093,2.17,26.81,0.426,3.37,6312.3
0.111,0.033293,12.35,21.31,0.458,4.145,4385.4
0.112,0.033859,11.41,20.92,0.455,4.046,5215.9
0.126,0.037939,13.76,23.73,0.614,4.874,5548.2
0.107,0.032267,12.47,19.66,0.507,4.725,2026.6
0.106,0.031979,10.75,20.83,0.535,5.033,5348.8
0.103,0.030871,8.46,19.31,0.438,4.27,3189.4
0.132,0.039779,4.16,28.57,0.658,4.977,9601.3
0.102,0.030612,10.22,19.99,0.67,6.589,6511.6
0.115,0.034499,10.13,22.17,0.726,6.331,7840.5
0.142,0.042849,10.97,27.82,0.463,3.253,3388.7
0.102,0.030664,9.17,19.8,0.546,5.363,5249.2
0.113,0.034082,12.78,22.17,0.695,6.138,6412
0.111,0.033337,10.34,21.58,0.816,7.367,7774.1
0.101,0.030332,9.41,19.06,0.47,4.663,3156.1
0.102,0.030625,10.86,19.37,0.447,4.391,2491.7
0.102,0.030768,12.28,19.49,0.456,4.463,4817.3
0.112,0.033722,11.7,21.06,0.532,4.746,4850.5
0.101,0.030339,11.62,18.99,0.42,4.166,2292.4
0.117,0.035365,13.73,21.44,0.45,3.83,2458.5
0.115,0.034744,10.25,20.97,0.493,4.269,4485
0.112,0.033779,11.41,20.32,0.468,4.172,3322.3
0.11,0.033242,12.42,21.04,0.84,7.602,7541.5
0.1,0.030121,10.49,19.03,0.533,5.322,5714.3
0.116,0.034767,11.85,20.96,0.545,4.719,3754.1
0.149,0.044936,14.24,29.43,0.569,3.809,3488.4
0.132,0.039857,15.69,24.01,0.578,4.362,5780.7
0.111,0.03328,12.32,20.81,0.605,5.474,6378.7
0.121,0.036305,12.03,22.26,0.566,4.689,4584.7
0.117,0.035086,11.93,21.57,0.712,6.109,6910.3
0.104,0.031323,10.67,19.24,0.568,5.457,3754.1
0.104,0.031157,12.73,19.32,0.476,4.598,2624.6
0.135,0.040671,15.04,25.57,0.665,4.921,6345.5
0.105,0.031567,10.12,19.22,0.424,4.046,3421.9
0.118,0.035551,12.46,21.83,0.644,5.45,4053.2
0.129,0.038756,9.93,25.1,0.419,3.256,3687.7
0.132,0.039829,15.37,24.1,0.586,4.428,3122.9
0.122,0.036615,14.01,21.95,0.5,4.11,2956.8
0.109,0.032737,11.26,19.66,0.457,4.202,2691
0.119,0.035791,12.94,22.3,0.58,4.877,3521.6
0.115,0.034516,11.39,21.43,0.485,4.225,3853.8
0.117,0.035312,13.34,21.12,0.449,3.83,3820.6
0.114,0.034231,14.03,21.63,0.43,3.777,3521.6
0.12,0.036051,12.52,22.03,0.486,4.055,3720.9
0.115,0.034568,10.65,21.66,0.523,4.551,5548.2
0.11,0.033039,10.93,20.7,0.445,4.057,3720.9
0.101,0.030378,11.04,18.81,0.47,4.655,2724.3
0.142,0.042617,14.37,27.1,0.598,4.221,4385.4
0.118,0.035386,12.08,23.08,0.562,4.778,3222.6
0.1,0.030236,8.94,19.26,0.404,4.02,2425.3
0.107,0.032057,10.28,21.23,0.489,4.594,4883.7
0.101,0.030395,10,19.01,0.49,4.85,4684.4
0.12,0.036236,12.52,21.54,0.512,4.25,3953.5
0.12,0.036269,12.77,22.51,0.697,5.783,4352.2
0.131,0.039313,14.02,24.91,0.579,4.432,6179.4
0.116,0.034796,12.78,22.17,0.88,7.611,4252.5
0.112,0.033608,12.55,21.51,0.458,4.102,3189.4
0.1,0.030024,10.79,18.92,0.447,4.481,3189.4
0.104,0.031198,9.12,19.65,0.424,4.094,3355.5
0.102,0.030795,9.54,19.24,0.502,4.902,4651.2
0.121,0.036333,4.1,26.01,0.507,4.203,4784.1
0.124,0.037197,15.72,22.98,0.631,5.106,3156.1
0.128,0.038504,13.36,24.34,0.563,4.403,6279.1
0.1,0.030159,10.18,18.93,0.651,6.498,5614.6
0.104,0.031247,11.25,19.11,0.542,5.222,3023.3
0.1,0.030029,9.72,18.85,0.474,4.756,3156.1
0.104,0.031214,10.05,18.88,0.4,3.855,4119.6
0.103,0.031023,11.43,19.05,0.531,5.153,3156.1
0.128,0.038642,11.77,24.35,0.829,6.456,4119.6
0.131,0.039439,14,24.6,0.571,4.356,3953.5
0.11,0.033076,10.08,20.92,0.725,6.6,6843.9
0.133,0.039897,13.1,25.88,0.527,3.973,3189.4
0.117,0.035135,11.07,22,0.495,4.24,5149.5
0.118,0.035543,10.88,23.62,0.496,4.199,3920.3
0.107,0.03206,10.27,20.55,0.452,4.247,4252.5
0.108,0.032444,9.56,21.74,0.419,3.888,3986.7
0.101,0.030523,10.46,19.37,0.432,4.262,4352.2
0.127,0.038143,9.56,26.37,0.547,4.317,3455.2
0.141,0.04256,15.64,26.54,0.553,3.911,4152.8
0.104,0.031277,8.74,20.56,0.447,4.302,3122.9
0.108,0.032361,10.36,20.97,0.462,4.296,3621.3
0.107,0.03234,9.08,21.56,0.424,3.945,2956.8
0.108,0.032417,10.17,21.04,0.435,4.039,3222.6
0.106,0.03178,10.31,20.61,0.471,4.465,4451.8
0.106,0.031813,11.15,20.13,0.456,4.311,3588
0.101,0.030289,8.39,20.03,0.615,6.116,6179.4
0.11,0.033203,9.32,22.42,0.503,4.558,4684.4
0.101,0.030452,9.8,19.47,0.437,4.324,3521.6
0.108,0.032537,5.05,22.5,0.681,6.299,4883.7
0.113,0.034112,10.21,22.26,0.48,4.234,3189.4
0.131,0.039486,13.09,25.59,0.602,4.591,4152.8
0.119,0.035846,12.33,23.26,0.477,4.006,3222.6
0.134,0.04038,13.54,25.33,0.742,5.528,4418.6
0.13,0.039083,12.66,24.05,0.714,5.496,6910.3
0.122,0.036818,11.44,22.76,0.521,4.263,4119.6
0.124,0.037287,11.69,23.48,0.523,4.225,3720.9
0.116,0.03501,12.18,21.89,0.469,4.032,4119.6
0.101,0.030267,9.81,19.35,0.433,4.304,2558.1
0.117,0.035361,11.48,23.73,0.465,3.96,2524.9
0.116,0.034997,9.29,24.19,0.49,4.211,4152.8
0.125,0.037629,12.52,23.66,0.6,4.798,3554.8
0.103,0.031006,9.27,20.86,0.479,4.654,4950.2
0.122,0.036757,12.53,23.15,0.54,4.423,3122.9
0.125,0.037677,9.22,25.52,0.597,4.77,4152.8
0.116,0.03496,11.9,22.09,0.605,5.213,5348.8
0.12,0.036268,11.82,22.46,0.483,4.01,3455.2
0.122,0.036653,12.45,23.44,0.524,4.304,5681.1
0.125,0.03752,12.26,23.35,0.517,4.149,3720.9
0.11,0.032962,10.75,20.42,0.47,4.291,3289
0.117,0.035263,11.81,22.24,0.726,6.196,3986.7
0.106,0.032006,6.48,21.91,0.502,4.725,3621.3
0.106,0.032021,6.82,22.63,0.405,3.811,2724.3
0.112,0.033693,9,21.13,0.551,4.921,3588
0.113,0.033909,7.94,23.17,0.443,3.933,2724.3
0.121,0.036332,8.49,24.99,0.446,3.698,2524.9
0.117,0.035179,5.93,24.61,0.968,8.286,9235.9
0.112,0.033636,7.31,22.69,0.48,4.294,3853.8
0.115,0.034722,7.5,23.04,0.478,4.148,4252.5
0.109,0.032764,3.93,23.83,0.467,4.294,5149.5
0.115,0.03449,9.5,23.19,0.651,5.679,5714.3
0.106,0.031981,6.09,21.71,0.437,4.114,4850.5
0.108,0.03251,6.65,22.96,0.501,4.635,4684.4
0.108,0.032583,3.64,23.91,0.655,6.052,6345.5
0.108,0.032606,5.19,23.12,0.455,4.196,2823.9
0.125,0.037759,8.13,24.79,0.533,4.25,3222.6
0.115,0.034736,6.76,23.05,0.593,5.135,3853.8
0.102,0.030556,6.07,21.5,0.395,3.887,3588
0.112,0.033701,6.49,23.53,0.524,4.677,6877.1
0.109,0.032888,5.85,22.25,0.39,3.57,3289
0.106,0.032056,7.79,22.33,0.49,4.601,4717.6
0.108,0.032524,6.6,21.68,0.432,3.998,2591.4
0.111,0.033354,7.5,23.05,0.449,4.053,2790.7
0.105,0.031562,5.76,22.35,0.458,4.371,2159.5
0.106,0.031796,8.39,20.41,0.561,5.306,2591.4
0.104,0.031294,4.08,22.56,0.381,3.666,3887
0.114,0.03422,8.86,22.71,0.473,4.158,4518.3
0.114,0.034401,8.05,23.52,0.748,6.541,7475.1
0.113,0.034145,7.39,22.97,0.798,7.031,8106.3
0.105,0.031565,6.36,22.54,0.44,4.193,2392
0.107,0.032141,7.02,22.13,0.41,3.843,3421.9
0.114,0.034229,4.98,25.45,0.755,6.642,5016.6
0.111,0.033327,6.53,22.89,0.466,4.206,2325.6
0.106,0.031974,5.6,22.22,0.419,3.948,2757.5
0.108,0.032415,7.05,22.54,0.382,3.55,2724.3
0.1,0.030212,6.42,19.78,0.413,4.111,2757.5
0.101,0.03054,7.02,21.5,0.527,5.19,3421.9
0.114,0.034278,7.97,23.7,0.492,4.322,5614.6
0.103,0.031041,3.19,22.04,0.4,3.877,3089.7
0.114,0.034235,10.07,22.14,0.447,3.93,4152.8
0.108,0.032658,7.97,22.31,0.553,5.094,5515
0.11,0.033202,7.85,21.91,0.526,4.77,3189.4
0.12,0.036022,9.48,24.85,0.527,4.408,2923.6
0.101,0.030266,6.34,20.88,0.413,4.106,3521.6
0.112,0.033616,9.54,21.47,0.434,3.889,4152.8
0.1,0.029981,7.73,20.77,0.437,4.391,2724.3
0.136,0.041024,11.06,25.92,0.679,4.982,3056.5
0.133,0.039997,7.05,27.98,0.366,2.751,2325.6
0.128,0.038582,2.96,28.09,0.269,2.102,3189.4
0.128,0.038653,2.41,27.47,0.332,2.582,2857.1
0.126,0.03779,0.87,26.81,0.338,2.692,2923.6
0.123,0.037036,0.09,25.8,0.298,2.422,2990
0.117,0.035257,5.58,25.06,0.274,2.342,3222.6
0.13,0.03916,14.63,26.24,0.496,3.812,4551.5
0.113,0.034015,0.22,24.36,0.425,3.759,3953.5
0.119,0.035957,5.19,25.69,0.482,4.036,3089.7
0.113,0.033904,1.65,24.51,0.83,7.369,6943.5
0.123,0.037136,3.29,27.38,0.33,2.673,2059.8
0.126,0.037971,3.24,28.52,0.302,2.396,3089.7
0.142,0.042691,1.02,31.54,0.958,6.753,9235.9
0.142,0.042624,3.6,31.36,0.362,2.559,3421.9
0.12,0.036177,4.24,25.56,0.301,2.507,2956.8
0.122,0.036626,9.68,24.3,0.454,3.729,6744.2
0.115,0.03464,1.8,24.69,0.326,2.83,2491.7
0.128,0.038485,7.24,27.13,0.35,2.738,4651.2
0.11,0.033083,10.35,21.51,0.35,3.183,3720.9
0.128,0.038429,8.35,26.03,0.533,4.173,4485
0.119,0.035879,1.04,25.56,0.293,2.457,3122.9
0.12,0.036258,3.06,25.26,0.354,2.938,2691
0.121,0.036391,3.46,25.28,0.38,3.147,3521.6
0.128,0.03851,6.1,27.58,0.322,2.52,2558.1
0.118,0.035459,9.28,24.44,0.716,6.08,7475.1
0.131,0.039511,9.36,26.49,0.519,3.952,4916.9
0.145,0.043774,7.5,30.52,0.779,5.355,6611.3
0.125,0.037677,1.68,26.9,0.387,3.093,2225.9
0.111,0.033459,1.71,23.32,0.397,3.569,4684.4
0.132,0.039648,5.2,28.17,0.46,3.492,6146.2
0.131,0.039321,1.39,28.19,0.628,4.807,7475.1
0.139,0.041867,9.91,29.36,0.87,6.256,7176.1
0.117,0.035236,1.8,25.04,0.345,2.945,2956.8
0.129,0.038786,10.38,25.91,0.675,5.239,5548.2
0.135,0.040773,8.46,27.62,0.517,3.817,8505
0.121,0.036274,9.88,25.04,0.328,2.718,2159.5
0.103,0.031054,3.3,21.14,0.484,4.694,4750.8
0.123,0.037036,6.17,25.47,0.432,3.513,3820.6
0.118,0.035383,7.93,23.76,0.393,3.344,3089.7
0.114,0.034175,14.96,20.47,0.329,2.898,3222.6
0.121,0.036554,9.22,25.02,0.35,2.881,3023.3
0.128,0.038473,4.58,26.35,0.481,3.763,4684.4
0.117,0.035226,7.14,23.99,0.597,5.102,5182.7
0.144,0.043235,3.17,30.36,0.939,6.534,8206
0.13,0.038994,4.82,27.42,0.362,2.791,2026.6
0.133,0.039971,2.91,27.77,0.409,3.082,4950.2
0.126,0.038033,6.89,26.17,0.407,3.223,4418.6
0.15,0.045253,12.15,30.17,0.59,3.922,4850.5
0.125,0.037705,0.19,26.95,0.768,6.131,8372.1
0.146,0.043854,12.4,28.54,0.579,3.977,6877.1
0.124,0.037247,10.08,24.82,0.432,3.488,3322.3
0.128,0.038407,10.51,25.67,0.351,2.749,3322.3
0.117,0.035239,0.26,25.35,0.573,4.895,5814
0.114,0.034231,6.64,24.2,0.339,2.978,2691
0.127,0.038323,6.58,26.38,0.39,3.065,3521.6
0.123,0.036995,1.31,25.46,0.802,6.524,6312.3
0.117,0.035123,5.16,24.4,0.288,2.469,3588
0.139,0.041861,13.53,26.68,0.449,3.231,5016.6
0.133,0.03992,4.3,27.87,0.344,2.595,3720.9
0.125,0.037752,0.66,26.88,0.438,3.49,4053.2
0.122,0.036769,9.11,24.46,0.476,3.894,3754.1
0.138,0.041626,9.86,28.83,0.497,3.593,3887
0.12,0.036076,5.17,25.11,0.389,3.244,3322.3
0.126,0.037973,8.36,25.8,0.436,3.456,3355.5
0.118,0.035605,7.2,24.9,0.412,3.484,5016.6
0.134,0.040221,10.23,26.94,0.837,6.262,7142.9
0.117,0.035099,2.98,25.14,0.434,3.72,3388.7
0.109,0.032832,0.56,23.21,0.349,3.201,3687.7
0.131,0.039322,6.64,27.8,0.365,2.794,3621.3
0.129,0.038704,6.99,26.64,0.343,2.669,5681.1
0.137,0.041306,10.26,27.9,0.433,3.155,3521.6
0.126,0.038068,6.87,26.39,0.498,3.94,5215.9
0.118,0.035391,3.12,24.92,0.365,3.102,4684.4
0.137,0.041313,7.32,28.29,0.359,2.614,4019.9
0.114,0.034355,0.26,24.27,0.316,2.766,2624.6
0.124,0.037208,0.85,25.83,0.594,4.806,4418.6
0.132,0.039668,8.34,27.75,0.574,4.354,5249.2
0.127,0.038093,6.32,26.29,0.468,3.701,3787.4
0.13,0.039158,0.53,27.08,0.369,2.838,3953.5
0.119,0.035742,7.7,24.3,0.423,3.566,6511.6
0.131,0.039316,2.08,27.26,0.545,4.17,6976.7
0.134,0.040245,9.13,26.83,0.6,4.49,4684.4
0.136,0.040977,10.79,27.99,0.485,3.56,6312.3
0.133,0.039898,5.32,28.01,0.451,3.401,3787.4
0.112,0.033673,8.1,21.01,0.365,3.267,3355.5
0.137,0.041305,3.92,29.35,0.415,3.025,5747.5
0.125,0.037542,0.26,26.96,0.36,2.89,3322.3
0.126,0.037799,9.56,25,0.441,3.514,4086.4
0.128,0.038432,1.99,27.52,0.648,5.074,4318.9
0.124,0.037254,2.92,25.96,0.647,5.23,7541.5
0.124,0.037239,4.19,25.86,0.289,2.34,4285.7
0.117,0.035173,7.41,24.37,0.329,2.817,3056.5
0.123,0.036882,5.51,26.15,0.511,4.166,4651.2
0.114,0.034303,0.36,24.16,0.292,2.564,3056.5
0.122,0.036821,3.02,25.51,0.409,3.341,3156.1
0.121,0.036535,0.56,25.67,0.44,3.622,3255.8
0.135,0.040612,2.78,29.11,0.709,5.257,7441.9
0.14,0.04201,7.3,28.87,0.886,6.35,7574.8
0.128,0.038543,8.15,26.89,0.345,2.697,3820.6
0.122,0.036817,9.39,25.21,0.429,3.511,5116.3
0.129,0.038905,4.31,27.06,0.353,2.731,3621.3
0.127,0.038351,11.86,25.65,0.626,4.911,6079.7
0.137,0.041195,0.36,28.41,0.388,2.834,4485
0.117,0.035106,4.04,24.41,0.334,2.866,3787.4
0.133,0.039936,8.45,27.25,0.546,4.114,4152.8
0.128,0.038555,8.94,25.89,0.303,2.364,3089.7
0.135,0.040588,6.17,28.96,0.414,3.07,4684.4
0.137,0.041147,4.94,28.55,0.413,3.024,4617.9
0.133,0.040059,3.8,28.32,0.309,2.319,3687.7
0.145,0.043691,8.94,30.29,0.857,5.905,8804
0.129,0.038799,2.48,27.44,0.394,3.059,3255.8
0.136,0.041029,10.22,27.61,0.323,2.372,3122.9
0.138,0.041538,9.24,27.87,0.58,4.205,3322.3
0.138,0.041608,8.72,28.97,0.364,2.636,3421.9
0.142,0.0427,13.16,28.32,0.342,2.412,3920.3
0.126,0.038038,5.44,26.1,0.369,2.918,2059.8
0.13,0.039236,11.02,25.86,0.303,2.325,4086.4
0.144,0.043284,3.6,29.88,0.488,3.396,4119.6
0.134,0.040449,7.38,28.6,0.437,3.251,5116.3
0.137,0.041328,5.82,28.41,0.627,4.569,5780.7
0.128,0.038677,5.72,27.14,0.34,2.65,3056.5
0.135,0.040544,4.31,28.19,0.395,2.93,4318.9
0.138,0.04142,4.98,28.22,0.575,4.182,5149.5
0.141,0.042351,5.92,28.78,0.545,3.877,4617.9
0.133,0.039968,2.73,29.81,0.491,3.7,3953.5
0.121,0.036277,1.43,25.82,0.28,2.322,3421.9
0.131,0.03939,6.89,27.44,0.432,3.302,3289
0.144,0.043433,3.9,29.94,0.466,3.231,3621.3
0.133,0.040108,2.69,28.4,0.389,2.92,3521.6
0.13,0.039099,8.42,26.65,0.622,4.789,6113
0.134,0.040484,7.23,28.62,0.411,3.056,3122.9
0.144,0.0434,9.47,30.3,0.722,5.006,5647.8
0.133,0.04014,7.28,28.35,0.351,2.634,3588
0.145,0.043516,6.75,30.21,0.51,3.526,3920.3
0.138,0.041638,4.87,29.34,0.635,4.594,4684.4
0.13,0.039176,2.22,27.72,0.546,4.193,7176.1
0.145,0.043782,9,30.68,0.72,4.951,6544.9
0.136,0.040985,8.04,27.68,0.44,3.228,4119.6
0.132,0.0397,4.25,27.57,0.428,3.244,3156.1
0.131,0.03953,1.48,27.38,0.458,3.486,3156.1
0.137,0.041202,8.37,27.83,0.425,3.107,3156.1
0.139,0.04184,4.93,28.74,0.329,2.369,4617.9
0.145,0.043722,13.12,29,0.388,2.671,3222.6
0.146,0.043963,1.07,31.12,0.462,3.16,7707.6
0.143,0.042934,8.41,29,0.785,5.502,7873.8
0.15,0.045066,3.35,30.71,0.705,4.708,6777.4
0.134,0.040445,7.61,28.44,0.363,2.702,3920.3
0.14,0.042163,0.7,29.63,0.498,3.555,3355.5
0.145,0.04368,8.82,29.96,0.848,5.842,6146.2
0.132,0.03959,4.91,27.83,0.311,2.362,4518.3
0.147,0.044148,11.21,29.51,0.42,2.865,3720.9
0.135,0.04075,4.13,28.78,0.624,4.613,6478.4
0.138,0.041398,5.3,29.16,0.368,2.675,3488.4
0.146,0.043941,7.1,30.14,0.451,3.092,3820.6
0.148,0.044667,14.08,28.48,0.365,2.456,4418.6
0.138,0.041424,10.87,28.09,0.338,2.454,3289
0.131,0.039533,8.28,27.3,0.553,4.208,7076.4
0.136,0.040794,2.6,28.19,0.407,3.002,3621.3
0.134,0.040255,8.61,27.86,0.431,3.221,2923.6
0.126,0.03796,8.54,25.34,0.278,2.203,3289
0.129,0.038866,1.16,27.55,0.552,4.274,4451.8
0.141,0.04254,10.99,29.14,0.317,2.245,3654.5
0.145,0.043557,3.99,32.98,0.402,2.779,3787.4
0.141,0.042401,1.27,30.29,0.415,2.945,3122.9
0.14,0.042034,6.53,29.91,0.446,3.192,4817.3
0.137,0.041159,8.98,28.34,0.412,3.012,3853.8
0.15,0.045283,13.24,30.03,0.424,2.818,4152.8
0.133,0.039996,0.02,28.58,0.6,4.517,4883.7
0.149,0.044859,7.13,31.01,0.378,2.54,3355.5
0.139,0.041723,4.85,28.68,0.433,3.124,3687.7
0.14,0.042201,6.62,28.93,0.311,2.219,4252.5
0.13,0.039246,8.94,26.08,0.344,2.639,3521.6
0.142,0.042792,3.01,28.87,0.599,4.215,4717.6
0.149,0.044957,6.3,31.32,0.637,4.265,8006.6
0.133,0.039949,5.45,27.98,0.321,2.42,4119.6
0.12,0.035978,2.94,24.71,0.336,2.811,2790.7
0.135,0.040686,3.49,27.88,0.303,2.24,3023.3
0.145,0.0436,4.08,30.63,0.397,2.742,5647.8
0.142,0.042669,4.4,29.87,0.468,3.304,3853.8
0.126,0.037824,2.73,26.05,0.367,2.921,2990
0.145,0.043499,8.25,29.85,0.598,4.136,5847.2
0.14,0.042077,3.74,29.68,0.369,2.639,3289
0.144,0.043479,4,29.4,0.509,3.522,5348.8
0.126,0.038043,1.46,27.1,0.344,2.725,3189.4
0.144,0.043273,6.75,29.34,0.806,5.604,10996.7
0.134,0.040425,3.1,27.96,0.355,2.644,2890.4
0.139,0.041848,4.12,28.92,0.348,2.504,3488.4
0.139,0.04179,6.35,29.45,0.473,3.41,4817.3
0.141,0.042581,6.55,29.54,0.497,3.513,3554.8
0.135,0.040558,5.17,28,0.779,5.78,8505
0.145,0.04354,2.83,31.34,0.645,4.461,4418.6
0.142,0.042846,11.48,28.52,0.78,5.48,7010
0.121,0.03656,9.96,24.2,0.469,3.862,5581.4
0.143,0.043127,0.21,30.22,0.448,3.125,5515
0.135,0.040752,4.75,28.38,1.037,7.66,10332.2
0.14,0.042014,9.04,28.45,0.483,3.462,4053.2
0.128,0.038555,1.67,26.73,0.349,2.724,3122.9
0.124,0.037316,4.49,25.84,0.454,3.666,4418.6
0.135,0.04066,2.61,27.91,0.322,2.384,3521.6
0.134,0.040394,1.1,29.54,0.367,2.738,3720.9
0.131,0.039535,5.9,26.76,0.344,2.616,4418.6
0.145,0.043653,11.1,29.58,0.745,5.139,8372.1
0.142,0.042701,11.46,27.95,0.337,2.378,3122.9
0.144,0.043466,8.6,29.81,0.349,2.415,3156.1
0.134,0.040248,5.07,28.54,0.349,2.607,3421.9
0.134,0.040388,3.4,28.48,0.375,2.796,4717.6
0.141,0.04254,9.62,29.02,0.447,3.166,2757.5
0.136,0.040978,8.11,28.1,0.446,3.279,3554.8
0.131,0.039355,5.46,26.84,0.413,3.158,4817.3
0.141,0.042363,7.8,28.55,0.371,2.633,4584.7
0.134,0.040274,6.67,27.39,0.799,5.974,6445.2
0.146,0.043906,11.13,29.18,0.498,3.413,2757.5
0.128,0.038546,9.33,25.72,0.356,2.78,4019.9
0.142,0.04261,4.07,29.1,0.593,4.188,6146.2
0.138,0.041553,1.66,29.39,0.824,5.971,6544.9
0.135,0.040587,4.33,28.23,0.39,2.89,2657.8
0.135,0.040552,8.31,28.19,0.335,2.487,4119.6
0.14,0.042265,4.2,28.7,0.928,6.611,9136.2
0.141,0.042524,7.06,29.13,0.38,2.693,3089.7
0.146,0.043901,4.11,30.09,0.363,2.49,3421.9
0.132,0.039671,5.72,26.93,0.56,4.248,3787.4
0.129,0.03872,0.71,27.2,0.407,3.167,3388.7
0.135,0.04059,12.3,26.92,0.424,3.144,3355.5
0.138,0.041618,5.04,28.91,0.409,2.957,5382.1
0.141,0.042582,3.97,30.22,0.469,3.316,3023.3
0.128,0.038565,5.81,26.71,0.366,2.859,3089.7
0.136,0.040984,0.35,28.79,0.946,6.945,7807.3
0.147,0.044128,3.84,31.36,0.505,3.445,4019.9
0.133,0.040183,4.96,27.61,0.322,2.415,3787.4
0.136,0.041007,7.16,27.73,0.37,2.716,3787.4
0.124,0.037459,1.03,25.95,0.331,2.658,4252.5